source,target,weight
cluster,clusters,27.333333333333332
clusters,object,6.75
clusters,similar,2.25
clustering,clusters,13.916666666666666
clusters,set,10.666666666666666
cluster analysis,clusters,4.75
clusters,similarity,2.0
clusters,learning,0.75
clusters,pattern recognition,0.75
clusters,data analysis,0.75
clusters,information,0.75
clusters,informatics,0.75
clusters,cognition,0.75
clusters,graph,0.75
clusters,machine learning,0.75
clusters,image,0.75
clusters,statistical,9.666666666666666
clusters,press,0.75
clusters,statistica,9.666666666666666
clusters,statistic,9.666666666666666
clusters,data,18.75
clusters,compression,0.75
bioinformatics,clusters,0.75
clusters,statistics,0.75
clusters,data compression,0.75
clusters,computer,0.75
clusters,image analysis,0.75
clusters,fields,0.75
clusters,information retrieval,0.75
clusters,computer graphics,0.75
clusters,exploratory data analysis,0.75
algorithms,clusters,3.0
algorithm,clusters,11.666666666666666
clusters,understanding,2.0
clusters,efficient,2.0
cluster,object,26.25
cluster,similar,12.166666666666666
cluster,clustering,36.916666666666664
cluster,set,14.75
cluster,cluster analysis,27.083333333333332
cluster,similarity,2.5833333333333335
cluster,learning,2.4166666666666665
cluster,pattern recognition,2.4166666666666665
cluster,data analysis,2.4166666666666665
cluster,information,2.4166666666666665
cluster,informatics,2.4166666666666665
cluster,cognition,2.4166666666666665
cluster,graph,2.4166666666666665
cluster,machine learning,2.4166666666666665
cluster,image,2.4166666666666665
cluster,statistical,24.583333333333332
cluster,press,2.4166666666666665
cluster,statistica,24.583333333333332
cluster,statistic,24.583333333333332
cluster,data,34.083333333333336
cluster,compression,2.4166666666666665
bioinformatics,cluster,2.4166666666666665
cluster,statistics,2.4166666666666665
cluster,data compression,2.4166666666666665
cluster,computer,2.4166666666666665
cluster,image analysis,2.4166666666666665
cluster,fields,2.4166666666666665
cluster,information retrieval,2.4166666666666665
cluster,computer graphics,2.4166666666666665
cluster,exploratory data analysis,2.4166666666666665
algorithms,cluster,20.916666666666668
algorithm,cluster,33.083333333333336
cluster,understanding,12.166666666666666
cluster,efficient,12.166666666666666
object,similar,2.6666666666666665
clustering,object,14.333333333333334
object,set,5.0
cluster analysis,object,11.25
object,similarity,2.0
learning,object,0.5
object,pattern recognition,0.5
data analysis,object,0.5
information,object,0.5
informatics,object,0.5
cognition,object,0.5
graph,object,0.5
machine learning,object,0.5
image,object,0.5
object,statistical,2.9166666666666665
object,press,0.5
object,statistica,2.9166666666666665
object,statistic,2.9166666666666665
data,object,7.25
compression,object,0.5
bioinformatics,object,0.5
object,statistics,0.5
data compression,object,0.5
computer,object,0.5
image analysis,object,0.5
fields,object,0.5
information retrieval,object,0.5
computer graphics,object,0.5
exploratory data analysis,object,0.5
algorithms,object,1.5
algorithm,object,4.5
object,understanding,0.9166666666666666
efficient,object,0.9166666666666666
clustering,similar,10.25
set,similar,2.25
cluster analysis,similar,3.6666666666666665
similar,similarity,2.0
learning,similar,0.5
pattern recognition,similar,0.5
data analysis,similar,0.5
information,similar,0.5
informatics,similar,0.5
cognition,similar,0.5
graph,similar,0.5
machine learning,similar,0.5
image,similar,0.5
similar,statistical,8.5
press,similar,0.5
similar,statistica,8.5
similar,statistic,8.5
data,similar,3.75
compression,similar,0.5
bioinformatics,similar,0.5
similar,statistics,0.5
data compression,similar,0.5
computer,similar,0.5
image analysis,similar,0.5
fields,similar,0.5
information retrieval,similar,0.5
computer graphics,similar,0.5
exploratory data analysis,similar,0.5
algorithms,similar,0.5833333333333333
algorithm,similar,0.8333333333333333
similar,understanding,0.25
efficient,similar,0.25
clustering,set,11.75
cluster analysis,clustering,6.083333333333333
clustering,similarity,2.0
clustering,learning,0.5
clustering,pattern recognition,0.5
clustering,data analysis,0.5
clustering,information,0.5
clustering,informatics,0.5
clustering,cognition,0.5
clustering,graph,0.5
clustering,machine learning,0.5
clustering,image,0.5
clustering,statistical,10.916666666666666
clustering,press,0.5
clustering,statistica,10.916666666666666
clustering,statistic,10.916666666666666
clustering,data,16.333333333333332
clustering,compression,0.5
bioinformatics,clustering,0.5
clustering,statistics,0.5
clustering,data compression,0.5
clustering,computer,0.5
clustering,image analysis,0.5
clustering,fields,0.5
clustering,information retrieval,0.5
clustering,computer graphics,0.5
clustering,exploratory data analysis,0.5
algorithms,clustering,1.75
algorithm,clustering,11.5
clustering,understanding,1.1666666666666665
clustering,efficient,1.1666666666666665
cluster analysis,set,3.833333333333333
set,similarity,2.0
learning,set,0.5
pattern recognition,set,0.5
data analysis,set,0.5
information,set,0.5
informatics,set,0.5
cognition,set,0.5
graph,set,0.5
machine learning,set,0.5
image,set,0.5
set,statistical,1.4166666666666665
press,set,0.5
set,statistica,1.4166666666666665
set,statistic,1.4166666666666665
data,set,9.833333333333334
compression,set,0.5
bioinformatics,set,0.5
set,statistics,0.5
data compression,set,0.5
computer,set,0.5
image analysis,set,0.5
fields,set,0.5
information retrieval,set,0.5
computer graphics,set,0.5
exploratory data analysis,set,0.5
algorithms,set,0.8333333333333333
algorithm,set,8.833333333333334
set,understanding,0.5
efficient,set,0.5
cluster analysis,similarity,2.3333333333333335
cluster analysis,learning,1.5
cluster analysis,pattern recognition,1.5
cluster analysis,data analysis,1.5
cluster analysis,information,1.5
cluster analysis,informatics,1.5
cluster analysis,cognition,1.5
cluster analysis,graph,1.5
cluster analysis,machine learning,1.5
cluster analysis,image,1.5
cluster analysis,statistical,3.75
cluster analysis,press,1.5
cluster analysis,statistica,3.75
cluster analysis,statistic,3.75
cluster analysis,data,6.916666666666667
cluster analysis,compression,1.5
bioinformatics,cluster analysis,1.5
cluster analysis,statistics,1.5
cluster analysis,data compression,1.5
cluster analysis,computer,1.5
cluster analysis,image analysis,1.5
cluster analysis,fields,1.5
cluster analysis,information retrieval,1.5
cluster analysis,computer graphics,1.5
cluster analysis,exploratory data analysis,1.5
algorithms,cluster analysis,8.083333333333334
algorithm,cluster analysis,9.583333333333334
cluster analysis,understanding,1.75
cluster analysis,efficient,1.75
learning,similarity,0.5
pattern recognition,similarity,0.5
data analysis,similarity,0.5
information,similarity,0.5
informatics,similarity,0.5
cognition,similarity,0.5
graph,similarity,0.5
machine learning,similarity,0.5
image,similarity,0.5
similarity,statistical,0.5
press,similarity,0.5
similarity,statistica,0.5
similarity,statistic,0.5
data,similarity,0.5
compression,similarity,0.5
bioinformatics,similarity,0.5
similarity,statistics,0.5
data compression,similarity,0.5
computer,similarity,0.5
image analysis,similarity,0.5
fields,similarity,0.5
information retrieval,similarity,0.5
computer graphics,similarity,0.5
exploratory data analysis,similarity,0.5
algorithms,similarity,0.5833333333333333
algorithm,similarity,0.5833333333333333
similarity,understanding,0.25
efficient,similarity,0.25
learning,pattern recognition,4.0
data analysis,learning,4.0
information,learning,4.0
informatics,learning,4.0
cognition,learning,4.0
graph,learning,4.0
learning,machine learning,4.0
image,learning,4.0
learning,statistical,4.25
learning,press,4.0
learning,statistica,4.25
learning,statistic,4.25
data,learning,4.25
compression,learning,4.0
bioinformatics,learning,4.0
learning,statistics,4.0
data compression,learning,4.0
computer,learning,4.0
image analysis,learning,4.0
fields,learning,4.0
information retrieval,learning,4.0
computer graphics,learning,4.0
exploratory data analysis,learning,4.0
algorithms,learning,1.6666666666666665
algorithm,learning,1.6666666666666665
learning,understanding,0.6666666666666666
efficient,learning,0.6666666666666666
data analysis,pattern recognition,4.0
information,pattern recognition,4.0
informatics,pattern recognition,4.0
cognition,pattern recognition,4.0
graph,pattern recognition,4.0
machine learning,pattern recognition,4.0
image,pattern recognition,4.0
pattern recognition,statistical,4.25
pattern recognition,press,4.0
pattern recognition,statistica,4.25
pattern recognition,statistic,4.25
data,pattern recognition,4.25
compression,pattern recognition,4.0
bioinformatics,pattern recognition,4.0
pattern recognition,statistics,4.0
data compression,pattern recognition,4.0
computer,pattern recognition,4.0
image analysis,pattern recognition,4.0
fields,pattern recognition,4.0
information retrieval,pattern recognition,4.0
computer graphics,pattern recognition,4.0
exploratory data analysis,pattern recognition,4.0
algorithms,pattern recognition,1.6666666666666665
algorithm,pattern recognition,1.6666666666666665
pattern recognition,understanding,0.6666666666666666
efficient,pattern recognition,0.6666666666666666
data analysis,information,4.0
data analysis,informatics,4.0
cognition,data analysis,4.0
data analysis,graph,4.0
data analysis,machine learning,4.0
data analysis,image,4.0
data analysis,statistical,4.25
data analysis,press,4.0
data analysis,statistica,4.25
data analysis,statistic,4.25
data,data analysis,4.25
compression,data analysis,4.0
bioinformatics,data analysis,4.0
data analysis,statistics,4.0
data analysis,data compression,4.0
computer,data analysis,4.0
data analysis,image analysis,4.0
data analysis,fields,4.0
data analysis,information retrieval,4.0
computer graphics,data analysis,4.0
data analysis,exploratory data analysis,4.0
algorithms,data analysis,1.6666666666666665
algorithm,data analysis,1.6666666666666665
data analysis,understanding,0.6666666666666666
data analysis,efficient,0.6666666666666666
informatics,information,4.0
cognition,information,4.0
graph,information,4.0
information,machine learning,4.0
image,information,4.0
information,statistical,4.25
information,press,4.0
information,statistica,4.25
information,statistic,4.25
data,information,4.25
compression,information,4.0
bioinformatics,information,4.0
information,statistics,4.0
data compression,information,4.0
computer,information,4.0
image analysis,information,4.0
fields,information,4.0
information,information retrieval,4.0
computer graphics,information,4.0
exploratory data analysis,information,4.0
algorithms,information,1.6666666666666665
algorithm,information,1.6666666666666665
information,understanding,0.6666666666666666
efficient,information,0.6666666666666666
cognition,informatics,4.0
graph,informatics,4.0
informatics,machine learning,4.0
image,informatics,4.0
informatics,statistical,4.25
informatics,press,4.0
informatics,statistica,4.25
informatics,statistic,4.25
data,informatics,4.25
compression,informatics,4.0
bioinformatics,informatics,4.0
informatics,statistics,4.0
data compression,informatics,4.0
computer,informatics,4.0
image analysis,informatics,4.0
fields,informatics,4.0
informatics,information retrieval,4.0
computer graphics,informatics,4.0
exploratory data analysis,informatics,4.0
algorithms,informatics,1.6666666666666665
algorithm,informatics,1.6666666666666665
informatics,understanding,0.6666666666666666
efficient,informatics,0.6666666666666666
cognition,graph,4.0
cognition,machine learning,4.0
cognition,image,4.0
cognition,statistical,4.25
cognition,press,4.0
cognition,statistica,4.25
cognition,statistic,4.25
cognition,data,4.25
cognition,compression,4.0
bioinformatics,cognition,4.0
cognition,statistics,4.0
cognition,data compression,4.0
cognition,computer,4.0
cognition,image analysis,4.0
cognition,fields,4.0
cognition,information retrieval,4.0
cognition,computer graphics,4.0
cognition,exploratory data analysis,4.0
algorithms,cognition,1.6666666666666665
algorithm,cognition,1.6666666666666665
cognition,understanding,0.6666666666666666
cognition,efficient,0.6666666666666666
graph,machine learning,4.0
graph,image,4.0
graph,statistical,4.25
graph,press,4.0
graph,statistica,4.25
graph,statistic,4.25
data,graph,4.25
compression,graph,4.0
bioinformatics,graph,4.0
graph,statistics,4.0
data compression,graph,4.0
computer,graph,4.0
graph,image analysis,4.0
fields,graph,4.0
graph,information retrieval,4.0
computer graphics,graph,4.0
exploratory data analysis,graph,4.0
algorithms,graph,1.6666666666666665
algorithm,graph,1.6666666666666665
graph,understanding,0.6666666666666666
efficient,graph,0.6666666666666666
image,machine learning,4.0
machine learning,statistical,4.25
machine learning,press,4.0
machine learning,statistica,4.25
machine learning,statistic,4.25
data,machine learning,4.25
compression,machine learning,4.0
bioinformatics,machine learning,4.0
machine learning,statistics,4.0
data compression,machine learning,4.0
computer,machine learning,4.0
image analysis,machine learning,4.0
fields,machine learning,4.0
information retrieval,machine learning,4.0
computer graphics,machine learning,4.0
exploratory data analysis,machine learning,4.0
algorithms,machine learning,1.6666666666666665
algorithm,machine learning,1.6666666666666665
machine learning,understanding,0.6666666666666666
efficient,machine learning,0.6666666666666666
image,statistical,4.25
image,press,4.0
image,statistica,4.25
image,statistic,4.25
data,image,4.25
compression,image,4.0
bioinformatics,image,4.0
image,statistics,4.0
data compression,image,4.0
computer,image,4.0
image,image analysis,4.0
fields,image,4.0
image,information retrieval,4.0
computer graphics,image,4.0
exploratory data analysis,image,4.0
algorithms,image,1.6666666666666665
algorithm,image,1.6666666666666665
image,understanding,0.6666666666666666
efficient,image,0.6666666666666666
press,statistical,4.25
statistica,statistical,20.5
statistic,statistical,20.5
data,statistical,16.416666666666668
compression,statistical,4.25
bioinformatics,statistical,4.25
statistical,statistics,4.25
data compression,statistical,4.25
computer,statistical,4.25
image analysis,statistical,4.25
fields,statistical,4.25
information retrieval,statistical,4.25
computer graphics,statistical,4.25
exploratory data analysis,statistical,4.25
algorithms,statistical,3.833333333333333
algorithm,statistical,4.75
statistical,understanding,2.1666666666666665
efficient,statistical,2.1666666666666665
press,statistica,4.25
press,statistic,4.25
data,press,4.25
compression,press,4.0
bioinformatics,press,4.0
press,statistics,4.0
data compression,press,4.0
computer,press,4.0
image analysis,press,4.0
fields,press,4.0
information retrieval,press,4.0
computer graphics,press,4.0
exploratory data analysis,press,4.0
algorithms,press,1.6666666666666665
algorithm,press,1.6666666666666665
press,understanding,0.6666666666666666
efficient,press,0.6666666666666666
statistic,statistica,20.5
data,statistica,16.416666666666668
compression,statistica,4.25
bioinformatics,statistica,4.25
statistica,statistics,4.25
data compression,statistica,4.25
computer,statistica,4.25
image analysis,statistica,4.25
fields,statistica,4.25
information retrieval,statistica,4.25
computer graphics,statistica,4.25
exploratory data analysis,statistica,4.25
algorithms,statistica,3.833333333333333
algorithm,statistica,4.75
statistica,understanding,2.1666666666666665
efficient,statistica,2.1666666666666665
data,statistic,16.416666666666668
compression,statistic,4.25
bioinformatics,statistic,4.25
statistic,statistics,4.25
data compression,statistic,4.25
computer,statistic,4.25
image analysis,statistic,4.25
fields,statistic,4.25
information retrieval,statistic,4.25
computer graphics,statistic,4.25
exploratory data analysis,statistic,4.25
algorithms,statistic,3.833333333333333
algorithm,statistic,4.75
statistic,understanding,2.1666666666666665
efficient,statistic,2.1666666666666665
compression,data,4.25
bioinformatics,data,4.25
data,statistics,4.25
data,data compression,4.25
computer,data,4.25
data,image analysis,4.25
data,fields,4.25
data,information retrieval,4.25
computer graphics,data,4.25
data,exploratory data analysis,4.25
algorithms,data,4.083333333333333
algorithm,data,13.416666666666666
data,understanding,2.4166666666666665
data,efficient,2.4166666666666665
bioinformatics,compression,4.0
compression,statistics,4.0
compression,data compression,4.0
compression,computer,4.0
compression,image analysis,4.0
compression,fields,4.0
compression,information retrieval,4.0
compression,computer graphics,4.0
compression,exploratory data analysis,4.0
algorithms,compression,1.6666666666666665
algorithm,compression,1.6666666666666665
compression,understanding,0.6666666666666666
compression,efficient,0.6666666666666666
bioinformatics,statistics,4.0
bioinformatics,data compression,4.0
bioinformatics,computer,4.0
bioinformatics,image analysis,4.0
bioinformatics,fields,4.0
bioinformatics,information retrieval,4.0
bioinformatics,computer graphics,4.0
bioinformatics,exploratory data analysis,4.0
algorithms,bioinformatics,1.6666666666666665
algorithm,bioinformatics,1.6666666666666665
bioinformatics,understanding,0.6666666666666666
bioinformatics,efficient,0.6666666666666666
data compression,statistics,4.0
computer,statistics,4.0
image analysis,statistics,4.0
fields,statistics,4.0
information retrieval,statistics,4.0
computer graphics,statistics,4.0
exploratory data analysis,statistics,4.0
algorithms,statistics,1.6666666666666665
algorithm,statistics,1.6666666666666665
statistics,understanding,0.6666666666666666
efficient,statistics,0.6666666666666666
computer,data compression,4.0
data compression,image analysis,4.0
data compression,fields,4.0
data compression,information retrieval,4.0
computer graphics,data compression,4.0
data compression,exploratory data analysis,4.0
algorithms,data compression,1.6666666666666665
algorithm,data compression,1.6666666666666665
data compression,understanding,0.6666666666666666
data compression,efficient,0.6666666666666666
computer,image analysis,4.0
computer,fields,4.0
computer,information retrieval,4.0
computer,computer graphics,4.0
computer,exploratory data analysis,4.0
algorithms,computer,1.6666666666666665
algorithm,computer,1.6666666666666665
computer,understanding,0.6666666666666666
computer,efficient,0.6666666666666666
fields,image analysis,4.0
image analysis,information retrieval,4.0
computer graphics,image analysis,4.0
exploratory data analysis,image analysis,4.0
algorithms,image analysis,1.6666666666666665
algorithm,image analysis,1.6666666666666665
image analysis,understanding,0.6666666666666666
efficient,image analysis,0.6666666666666666
fields,information retrieval,4.0
computer graphics,fields,4.0
exploratory data analysis,fields,4.0
algorithms,fields,1.6666666666666665
algorithm,fields,1.6666666666666665
fields,understanding,0.6666666666666666
efficient,fields,0.6666666666666666
computer graphics,information retrieval,4.0
exploratory data analysis,information retrieval,4.0
algorithms,information retrieval,1.6666666666666665
algorithm,information retrieval,1.6666666666666665
information retrieval,understanding,0.6666666666666666
efficient,information retrieval,0.6666666666666666
computer graphics,exploratory data analysis,4.0
algorithms,computer graphics,1.6666666666666665
algorithm,computer graphics,1.6666666666666665
computer graphics,understanding,0.6666666666666666
computer graphics,efficient,0.6666666666666666
algorithms,exploratory data analysis,1.6666666666666665
algorithm,exploratory data analysis,1.6666666666666665
exploratory data analysis,understanding,0.6666666666666666
efficient,exploratory data analysis,0.6666666666666666
algorithm,algorithms,17.25
algorithms,understanding,9.5
algorithms,efficient,9.5
algorithm,understanding,9.75
algorithm,efficient,9.75
efficient,understanding,8.0
function,learning,0.25
distance,learning,0.25
distributions,learning,0.25
interval,learning,0.25
distribution,learning,0.25
distances,learning,0.25
learning,space,0.25
intervals,learning,0.25
learning,statistical distributions,0.25
function,pattern recognition,0.25
distance,pattern recognition,0.25
distributions,pattern recognition,0.25
interval,pattern recognition,0.25
distribution,pattern recognition,0.25
distances,pattern recognition,0.25
pattern recognition,space,0.25
intervals,pattern recognition,0.25
pattern recognition,statistical distributions,0.25
data analysis,function,0.25
data analysis,distance,0.25
data analysis,distributions,0.25
data analysis,interval,0.25
data analysis,distribution,0.25
data analysis,distances,0.25
data analysis,space,0.25
data analysis,intervals,0.25
data analysis,statistical distributions,0.25
function,information,0.25
distance,information,0.25
distributions,information,0.25
information,interval,0.25
distribution,information,0.25
distances,information,0.25
information,space,0.25
information,intervals,0.25
information,statistical distributions,0.25
function,informatics,0.25
distance,informatics,0.25
distributions,informatics,0.25
informatics,interval,0.25
distribution,informatics,0.25
distances,informatics,0.25
informatics,space,0.25
informatics,intervals,0.25
informatics,statistical distributions,0.25
cognition,function,0.25
cognition,distance,0.25
cognition,distributions,0.25
cognition,interval,0.25
cognition,distribution,0.25
cognition,distances,0.25
cognition,space,0.25
cognition,intervals,0.25
cognition,statistical distributions,0.25
function,graph,0.25
distance,graph,0.25
distributions,graph,0.25
graph,interval,0.25
distribution,graph,0.25
distances,graph,0.25
graph,space,0.25
graph,intervals,0.25
graph,statistical distributions,0.25
function,machine learning,0.25
distance,machine learning,0.25
distributions,machine learning,0.25
interval,machine learning,0.25
distribution,machine learning,0.25
distances,machine learning,0.25
machine learning,space,0.25
intervals,machine learning,0.25
machine learning,statistical distributions,0.25
function,image,0.25
distance,image,0.25
distributions,image,0.25
image,interval,0.25
distribution,image,0.25
distances,image,0.25
image,space,0.25
image,intervals,0.25
image,statistical distributions,0.25
function,statistical,9.166666666666666
distance,statistical,9.166666666666666
distributions,statistical,8.25
interval,statistical,8.25
distribution,statistical,8.25
distances,statistical,8.25
space,statistical,8.25
intervals,statistical,8.25
statistical,statistical distributions,8.25
function,press,0.25
distance,press,0.25
distributions,press,0.25
interval,press,0.25
distribution,press,0.25
distances,press,0.25
press,space,0.25
intervals,press,0.25
press,statistical distributions,0.25
function,statistica,9.166666666666666
distance,statistica,9.166666666666666
distributions,statistica,8.25
interval,statistica,8.25
distribution,statistica,8.25
distances,statistica,8.25
space,statistica,8.25
intervals,statistica,8.25
statistica,statistical distributions,8.25
function,statistic,9.166666666666666
distance,statistic,9.166666666666666
distributions,statistic,8.25
interval,statistic,8.25
distribution,statistic,8.25
distances,statistic,8.25
space,statistic,8.25
intervals,statistic,8.25
statistic,statistical distributions,8.25
data,function,18.25
data,distance,18.25
data,distributions,8.916666666666666
data,interval,8.916666666666666
data,distribution,8.916666666666666
data,distances,8.916666666666666
data,space,8.916666666666666
data,intervals,8.916666666666666
data,statistical distributions,8.916666666666666
compression,function,0.25
compression,distance,0.25
compression,distributions,0.25
compression,interval,0.25
compression,distribution,0.25
compression,distances,0.25
compression,space,0.25
compression,intervals,0.25
compression,statistical distributions,0.25
bioinformatics,function,0.25
bioinformatics,distance,0.25
bioinformatics,distributions,0.25
bioinformatics,interval,0.25
bioinformatics,distribution,0.25
bioinformatics,distances,0.25
bioinformatics,space,0.25
bioinformatics,intervals,0.25
bioinformatics,statistical distributions,0.25
function,statistics,0.25
distance,statistics,0.25
distributions,statistics,0.25
interval,statistics,0.25
distribution,statistics,0.25
distances,statistics,0.25
space,statistics,0.25
intervals,statistics,0.25
statistical distributions,statistics,0.25
data compression,function,0.25
data compression,distance,0.25
data compression,distributions,0.25
data compression,interval,0.25
data compression,distribution,0.25
data compression,distances,0.25
data compression,space,0.25
data compression,intervals,0.25
data compression,statistical distributions,0.25
computer,function,0.25
computer,distance,0.25
computer,distributions,0.25
computer,interval,0.25
computer,distribution,0.25
computer,distances,0.25
computer,space,0.25
computer,intervals,0.25
computer,statistical distributions,0.25
function,image analysis,0.25
distance,image analysis,0.25
distributions,image analysis,0.25
image analysis,interval,0.25
distribution,image analysis,0.25
distances,image analysis,0.25
image analysis,space,0.25
image analysis,intervals,0.25
image analysis,statistical distributions,0.25
fields,function,0.25
distance,fields,0.25
distributions,fields,0.25
fields,interval,0.25
distribution,fields,0.25
distances,fields,0.25
fields,space,0.25
fields,intervals,0.25
fields,statistical distributions,0.25
function,information retrieval,0.25
distance,information retrieval,0.25
distributions,information retrieval,0.25
information retrieval,interval,0.25
distribution,information retrieval,0.25
distances,information retrieval,0.25
information retrieval,space,0.25
information retrieval,intervals,0.25
information retrieval,statistical distributions,0.25
computer graphics,function,0.25
computer graphics,distance,0.25
computer graphics,distributions,0.25
computer graphics,interval,0.25
computer graphics,distribution,0.25
computer graphics,distances,0.25
computer graphics,space,0.25
computer graphics,intervals,0.25
computer graphics,statistical distributions,0.25
exploratory data analysis,function,0.25
distance,exploratory data analysis,0.25
distributions,exploratory data analysis,0.25
exploratory data analysis,interval,0.25
distribution,exploratory data analysis,0.25
distances,exploratory data analysis,0.25
exploratory data analysis,space,0.25
exploratory data analysis,intervals,0.25
exploratory data analysis,statistical distributions,0.25
algorithms,function,2.4166666666666665
algorithms,distance,2.4166666666666665
algorithms,distributions,2.1666666666666665
algorithms,interval,2.1666666666666665
algorithms,distribution,2.1666666666666665
algorithms,distances,2.1666666666666665
algorithms,space,2.1666666666666665
algorithms,intervals,2.1666666666666665
algorithms,statistical distributions,2.1666666666666665
algorithm,function,11.083333333333334
algorithm,distance,11.083333333333334
algorithm,distributions,2.833333333333333
algorithm,interval,2.833333333333333
algorithm,distribution,2.833333333333333
algorithm,distances,2.833333333333333
algorithm,space,2.833333333333333
algorithm,intervals,2.833333333333333
algorithm,statistical distributions,2.833333333333333
cluster,function,24.75
cluster,distance,24.75
cluster,distributions,12.583333333333332
cluster,interval,12.583333333333334
cluster,distribution,12.583333333333334
cluster,distances,12.583333333333334
cluster,space,12.583333333333334
cluster,intervals,12.583333333333334
cluster,statistical distributions,12.583333333333334
cluster analysis,function,2.4166666666666665
cluster analysis,distance,2.4166666666666665
cluster analysis,distributions,0.9166666666666666
cluster analysis,interval,0.9166666666666666
cluster analysis,distribution,0.9166666666666666
cluster analysis,distances,0.9166666666666666
cluster analysis,space,0.9166666666666666
cluster analysis,intervals,0.9166666666666666
cluster analysis,statistical distributions,0.9166666666666666
function,understanding,1.75
distance,understanding,1.75
distributions,understanding,1.5
interval,understanding,1.5
distribution,understanding,1.5
distances,understanding,1.5
space,understanding,1.5
intervals,understanding,1.5
statistical distributions,understanding,1.5
efficient,function,1.75
distance,efficient,1.75
distributions,efficient,1.5
efficient,interval,1.5
distribution,efficient,1.5
distances,efficient,1.5
efficient,space,1.5
efficient,intervals,1.5
efficient,statistical distributions,1.5
clusters,function,17.333333333333332
distance,function,17.333333333333332
distributions,function,8.666666666666666
function,interval,8.666666666666666
distribution,function,8.666666666666666
distances,function,8.666666666666666
function,space,8.666666666666666
function,intervals,8.666666666666666
function,statistical distributions,8.666666666666666
clusters,distance,17.333333333333332
clusters,distributions,8.666666666666666
clusters,interval,8.666666666666666
clusters,distribution,8.666666666666666
clusters,distances,8.666666666666666
clusters,space,8.666666666666666
clusters,intervals,8.666666666666666
clusters,statistical distributions,8.666666666666666
distance,distributions,8.666666666666666
distance,interval,8.666666666666666
distance,distribution,8.666666666666666
distance,distances,8.666666666666666
distance,space,8.666666666666666
distance,intervals,8.666666666666666
distance,statistical distributions,8.666666666666666
distributions,interval,8.0
distribution,distributions,8.0
distances,distributions,8.0
distributions,space,8.0
distributions,intervals,8.0
distributions,statistical distributions,8.0
distribution,interval,8.0
distances,interval,8.0
interval,space,8.0
interval,intervals,8.0
interval,statistical distributions,8.0
distances,distribution,8.0
distribution,space,8.0
distribution,intervals,8.0
distribution,statistical distributions,8.0
distances,space,8.0
distances,intervals,8.0
distances,statistical distributions,8.0
intervals,space,8.0
space,statistical distributions,8.0
intervals,statistical distributions,8.0
algorithms,multi-objective optimization,0.9166666666666666
algorithms,objective,0.9166666666666666
algorithms,multi-objective,0.9166666666666666
algorithms,optimization,0.9166666666666666
algorithms,formulated,0.9166666666666666
algorithm,multi-objective optimization,3.9166666666666665
algorithm,objective,3.9166666666666665
algorithm,multi-objective,3.9166666666666665
algorithm,optimization,3.9166666666666665
algorithm,formulated,2.4166666666666665
cluster,multi-objective optimization,23.666666666666664
cluster,objective,23.666666666666664
cluster,multi-objective,23.666666666666668
cluster,optimization,23.666666666666668
cluster,formulated,12.583333333333334
cluster analysis,multi-objective optimization,8.916666666666666
cluster analysis,objective,8.916666666666666
cluster analysis,multi-objective,8.916666666666666
cluster analysis,optimization,8.916666666666666
cluster analysis,formulated,0.9166666666666666
multi-objective optimization,understanding,0.6666666666666666
objective,understanding,0.6666666666666666
multi-objective,understanding,0.6666666666666666
optimization,understanding,0.6666666666666666
formulated,understanding,0.6666666666666666
efficient,multi-objective optimization,0.6666666666666666
efficient,objective,0.6666666666666666
efficient,multi-objective,0.6666666666666666
efficient,optimization,0.6666666666666666
efficient,formulated,0.6666666666666666
multi-objective optimization,statistic,2.4166666666666665
objective,statistic,2.4166666666666665
multi-objective,statistic,2.4166666666666665
optimization,statistic,2.4166666666666665
formulated,statistic,1.5
function,multi-objective optimization,4.75
function,objective,4.75
function,object,4.75
clustering,function,11.916666666666666
function,multi-objective,4.75
function,optimization,4.75
formulated,function,3.0
clusters,multi-objective optimization,4.75
clusters,objective,4.75
clusters,multi-objective,4.75
clusters,optimization,4.75
clusters,formulated,3.0
data,multi-objective optimization,6.75
data,objective,6.75
data,multi-objective,6.75
data,optimization,6.75
data,formulated,3.25
distance,multi-objective optimization,4.75
distance,objective,4.75
distance,object,4.75
clustering,distance,11.916666666666666
distance,multi-objective,4.75
distance,optimization,4.75
distance,formulated,3.0
distributions,multi-objective optimization,1.75
distributions,objective,1.75
distributions,object,1.75
clustering,distributions,2.1666666666666665
distributions,multi-objective,1.75
distributions,optimization,1.75
distributions,formulated,1.5
multi-objective optimization,statistica,2.4166666666666665
objective,statistica,2.4166666666666665
multi-objective,statistica,2.4166666666666665
optimization,statistica,2.4166666666666665
formulated,statistica,1.5
interval,multi-objective optimization,1.75
interval,objective,1.75
interval,object,1.75
clustering,interval,2.1666666666666665
interval,multi-objective,1.75
interval,optimization,1.75
formulated,interval,1.5
multi-objective optimization,statistical,2.4166666666666665
objective,statistical,2.4166666666666665
multi-objective,statistical,2.4166666666666665
optimization,statistical,2.4166666666666665
formulated,statistical,1.5
distribution,multi-objective optimization,1.75
distribution,objective,1.75
distribution,object,1.75
clustering,distribution,2.1666666666666665
distribution,multi-objective,1.75
distribution,optimization,1.75
distribution,formulated,1.5
distances,multi-objective optimization,1.75
distances,objective,1.75
distances,object,1.75
clustering,distances,2.1666666666666665
distances,multi-objective,1.75
distances,optimization,1.75
distances,formulated,1.5
multi-objective optimization,space,1.75
objective,space,1.75
object,space,1.75
clustering,space,2.1666666666666665
multi-objective,space,1.75
optimization,space,1.75
formulated,space,1.5
intervals,multi-objective optimization,1.75
intervals,objective,1.75
intervals,object,1.75
clustering,intervals,2.1666666666666665
intervals,multi-objective,1.75
intervals,optimization,1.75
formulated,intervals,1.5
multi-objective optimization,statistical distributions,1.75
objective,statistical distributions,1.75
object,statistical distributions,1.75
clustering,statistical distributions,2.1666666666666665
multi-objective,statistical distributions,1.75
optimization,statistical distributions,1.75
formulated,statistical distributions,1.5
multi-objective optimization,objective,17.333333333333332
multi-objective optimization,object,17.333333333333332
clustering,multi-objective optimization,12.333333333333334
multi-objective,multi-objective optimization,17.333333333333332
multi-objective optimization,optimization,17.333333333333332
formulated,multi-objective optimization,8.666666666666666
object,objective,17.333333333333332
clustering,objective,12.333333333333334
multi-objective,objective,17.333333333333332
objective,optimization,17.333333333333332
formulated,objective,8.666666666666666
multi-objective,object,17.333333333333332
object,optimization,17.333333333333332
formulated,object,8.666666666666666
clustering,multi-objective,12.333333333333334
clustering,optimization,12.333333333333334
clustering,formulated,9.5
multi-objective,optimization,17.333333333333332
formulated,multi-objective,8.666666666666666
formulated,optimization,8.666666666666666
algorithms,metric,0.25
algorithms,distance function,0.25
algorithms,mathematics,0.25
algorithms,parameter,0.25
algorithms,expected,0.25
algorithms,parameters,0.25
algorithms,density,0.25
algorithms,data set,0.25
algorithm,metric,8.25
algorithm,distance function,8.25
algorithm,mathematics,8.25
algorithm,parameter,8.916666666666666
algorithm,expected,8.25
algorithm,parameters,8.916666666666666
algorithm,density,8.25
algorithm,data set,8.25
cluster,metric,12.166666666666666
cluster,distance function,12.166666666666666
cluster,mathematics,12.166666666666666
cluster,parameter,16.333333333333332
cluster,expected,12.166666666666666
cluster,parameters,16.333333333333332
cluster,density,12.166666666666666
cluster,data set,12.166666666666666
metric,understanding,0.25
distance function,understanding,0.25
mathematics,understanding,0.25
parameter,understanding,0.25
expected,understanding,0.25
parameters,understanding,0.25
density,understanding,0.25
data set,understanding,0.25
efficient,metric,0.25
distance function,efficient,0.25
efficient,mathematics,0.25
efficient,parameter,0.25
efficient,expected,0.25
efficient,parameters,0.25
density,efficient,0.25
data set,efficient,0.25
metric,statistic,0.9166666666666666
distance function,statistic,0.9166666666666666
mathematics,statistic,0.9166666666666666
parameter,statistic,2.4166666666666665
expected,statistic,0.9166666666666666
parameters,statistic,2.4166666666666665
density,statistic,0.9166666666666666
data set,statistic,0.9166666666666666
function,metric,8.666666666666666
distance function,function,8.666666666666666
function,mathematics,8.666666666666666
function,parameter,9.333333333333332
expected,function,8.666666666666666
function,parameters,9.333333333333332
function,set,8.666666666666666
density,function,8.666666666666666
data set,function,8.666666666666666
clusters,metric,8.666666666666666
clusters,distance function,8.666666666666666
clusters,mathematics,8.666666666666666
clusters,parameter,9.333333333333332
clusters,expected,8.666666666666666
clusters,parameters,9.333333333333332
clusters,density,8.666666666666666
clusters,data set,8.666666666666666
data,metric,9.333333333333332
data,distance function,9.333333333333332
data,mathematics,9.333333333333334
data,parameter,18.666666666666668
data,expected,9.333333333333334
data,parameters,18.666666666666668
data,density,9.333333333333334
data,data set,9.333333333333334
distance,metric,8.666666666666666
distance,distance function,8.666666666666666
distance,mathematics,8.666666666666666
distance,parameter,9.333333333333332
distance,expected,8.666666666666666
distance,parameters,9.333333333333332
distance,set,8.666666666666666
density,distance,8.666666666666666
data set,distance,8.666666666666666
distributions,metric,0.6666666666666666
distance function,distributions,0.6666666666666666
distributions,mathematics,0.6666666666666666
distributions,parameter,0.6666666666666666
distributions,expected,0.6666666666666666
distributions,parameters,0.6666666666666666
distributions,set,0.6666666666666666
density,distributions,0.6666666666666666
data set,distributions,0.6666666666666666
metric,statistica,0.9166666666666666
distance function,statistica,0.9166666666666666
mathematics,statistica,0.9166666666666666
parameter,statistica,2.4166666666666665
expected,statistica,0.9166666666666666
parameters,statistica,2.4166666666666665
density,statistica,0.9166666666666666
data set,statistica,0.9166666666666666
interval,metric,0.6666666666666666
distance function,interval,0.6666666666666666
interval,mathematics,0.6666666666666666
interval,parameter,0.6666666666666666
expected,interval,0.6666666666666666
interval,parameters,0.6666666666666666
interval,set,0.6666666666666666
density,interval,0.6666666666666666
data set,interval,0.6666666666666666
metric,statistical,0.9166666666666666
distance function,statistical,0.9166666666666666
mathematics,statistical,0.9166666666666666
parameter,statistical,2.4166666666666665
expected,statistical,0.9166666666666666
parameters,statistical,2.4166666666666665
density,statistical,0.9166666666666666
data set,statistical,0.9166666666666666
distribution,metric,0.6666666666666666
distance function,distribution,0.6666666666666666
distribution,mathematics,0.6666666666666666
distribution,parameter,0.6666666666666666
distribution,expected,0.6666666666666666
distribution,parameters,0.6666666666666666
distribution,set,0.6666666666666666
density,distribution,0.6666666666666666
data set,distribution,0.6666666666666666
distances,metric,0.6666666666666666
distance function,distances,0.6666666666666666
distances,mathematics,0.6666666666666666
distances,parameter,0.6666666666666666
distances,expected,0.6666666666666666
distances,parameters,0.6666666666666666
distances,set,0.6666666666666666
density,distances,0.6666666666666666
data set,distances,0.6666666666666666
metric,space,0.6666666666666666
distance function,space,0.6666666666666666
mathematics,space,0.6666666666666666
parameter,space,0.6666666666666666
expected,space,0.6666666666666666
parameters,space,0.6666666666666666
set,space,0.6666666666666666
density,space,0.6666666666666666
data set,space,0.6666666666666666
intervals,metric,0.6666666666666666
distance function,intervals,0.6666666666666666
intervals,mathematics,0.6666666666666666
intervals,parameter,0.6666666666666666
expected,intervals,0.6666666666666666
intervals,parameters,0.6666666666666666
intervals,set,0.6666666666666666
density,intervals,0.6666666666666666
data set,intervals,0.6666666666666666
metric,statistical distributions,0.6666666666666666
distance function,statistical distributions,0.6666666666666666
mathematics,statistical distributions,0.6666666666666666
parameter,statistical distributions,0.6666666666666666
expected,statistical distributions,0.6666666666666666
parameters,statistical distributions,0.6666666666666666
set,statistical distributions,0.6666666666666666
density,statistical distributions,0.6666666666666666
data set,statistical distributions,0.6666666666666666
metric,multi-objective optimization,3.0
distance function,multi-objective optimization,3.0
mathematics,multi-objective optimization,3.0
multi-objective optimization,parameter,4.75
expected,multi-objective optimization,3.0
multi-objective optimization,parameters,4.75
multi-objective optimization,set,3.0
density,multi-objective optimization,3.0
data set,multi-objective optimization,3.0
metric,objective,3.0
distance function,objective,3.0
mathematics,objective,3.0
objective,parameter,4.75
expected,objective,3.0
objective,parameters,4.75
objective,set,3.0
density,objective,3.0
data set,objective,3.0
metric,object,3.0
distance function,object,3.0
mathematics,object,3.0
object,parameter,4.75
expected,object,3.0
object,parameters,4.75
density,object,3.0
data set,object,3.0
clustering,metric,9.75
clustering,distance function,9.75
clustering,mathematics,9.75
clustering,parameter,12.166666666666666
clustering,expected,9.75
clustering,parameters,12.166666666666666
clustering,density,9.75
clustering,data set,9.75
metric,multi-objective,3.0
distance function,multi-objective,3.0
mathematics,multi-objective,3.0
multi-objective,parameter,4.75
expected,multi-objective,3.0
multi-objective,parameters,4.75
multi-objective,set,3.0
density,multi-objective,3.0
data set,multi-objective,3.0
metric,optimization,3.0
distance function,optimization,3.0
mathematics,optimization,3.0
optimization,parameter,4.75
expected,optimization,3.0
optimization,parameters,4.75
optimization,set,3.0
density,optimization,3.0
data set,optimization,3.0
formulated,metric,1.5
distance function,formulated,1.5
formulated,mathematics,1.5
formulated,parameter,1.75
expected,formulated,1.5
formulated,parameters,1.75
formulated,set,1.5
density,formulated,1.5
data set,formulated,1.5
distance function,metric,8.0
mathematics,metric,8.0
metric,parameter,8.666666666666666
expected,metric,8.0
metric,parameters,8.666666666666666
metric,set,8.0
density,metric,8.0
data set,metric,8.0
distance function,mathematics,8.0
distance function,parameter,8.666666666666666
distance function,expected,8.0
distance function,parameters,8.666666666666666
distance function,set,8.0
density,distance function,8.0
data set,distance function,8.0
mathematics,parameter,8.666666666666666
expected,mathematics,8.0
mathematics,parameters,8.666666666666666
mathematics,set,8.0
density,mathematics,8.0
data set,mathematics,8.0
expected,parameter,8.666666666666666
parameter,parameters,17.333333333333332
parameter,set,8.666666666666666
density,parameter,8.666666666666666
data set,parameter,8.666666666666666
expected,parameters,8.666666666666666
expected,set,8.0
density,expected,8.0
data set,expected,8.0
parameters,set,8.666666666666666
density,parameters,8.666666666666666
data set,parameters,8.666666666666666
density,set,8.0
data set,set,8.0
data set,density,8.0
cover,statistic,0.9166666666666666
knowledge discovery,statistic,0.9166666666666666
process,statistic,2.4166666666666665
statistic,trial,0.9166666666666666
iterative,statistic,0.9166666666666666
knowledge,statistic,0.9166666666666666
cover,function,1.75
function,knowledge discovery,1.75
function,process,2.4166666666666665
function,trial,1.75
function,iterative,1.75
function,knowledge,1.75
clusters,cover,1.75
clusters,knowledge discovery,1.75
clusters,process,2.4166666666666665
clusters,trial,1.75
clusters,iterative,1.75
clusters,knowledge,1.75
cover,data,3.5
data,knowledge discovery,3.5
data,process,12.833333333333334
data,trial,3.5
data,iterative,3.5
data,knowledge,3.5
cover,distance,1.75
distance,knowledge discovery,1.75
distance,process,2.4166666666666665
distance,trial,1.75
distance,iterative,1.75
distance,knowledge,1.75
cover,distributions,0.25
distributions,knowledge discovery,0.25
distributions,process,0.25
distributions,trial,0.25
distributions,iterative,0.25
distributions,knowledge,0.25
cover,statistica,0.9166666666666666
knowledge discovery,statistica,0.9166666666666666
process,statistica,2.4166666666666665
statistica,trial,0.9166666666666666
iterative,statistica,0.9166666666666666
knowledge,statistica,0.9166666666666666
cluster,cover,11.083333333333332
cluster,knowledge discovery,11.083333333333334
cluster,process,15.25
cluster,trial,11.083333333333334
cluster,iterative,11.083333333333334
cluster,knowledge,11.083333333333334
cover,interval,0.25
interval,knowledge discovery,0.25
interval,process,0.25
interval,trial,0.25
interval,iterative,0.25
interval,knowledge,0.25
cover,statistical,0.9166666666666666
knowledge discovery,statistical,0.9166666666666666
process,statistical,2.4166666666666665
statistical,trial,0.9166666666666666
iterative,statistical,0.9166666666666666
knowledge,statistical,0.9166666666666666
cover,distribution,0.25
distribution,knowledge discovery,0.25
distribution,process,0.25
distribution,trial,0.25
distribution,iterative,0.25
distribution,knowledge,0.25
cover,distances,0.25
distances,knowledge discovery,0.25
distances,process,0.25
distances,trial,0.25
distances,iterative,0.25
distances,knowledge,0.25
cover,space,0.25
knowledge discovery,space,0.25
process,space,0.25
space,trial,0.25
iterative,space,0.25
knowledge,space,0.25
cover,intervals,0.25
intervals,knowledge discovery,0.25
intervals,process,0.25
intervals,trial,0.25
intervals,iterative,0.25
intervals,knowledge,0.25
cover,statistical distributions,0.25
knowledge discovery,statistical distributions,0.25
process,statistical distributions,0.25
statistical distributions,trial,0.25
iterative,statistical distributions,0.25
knowledge,statistical distributions,0.25
cover,multi-objective optimization,8.666666666666666
knowledge discovery,multi-objective optimization,8.666666666666666
multi-objective optimization,process,10.416666666666666
multi-objective optimization,trial,8.666666666666666
iterative,multi-objective optimization,8.666666666666666
knowledge,multi-objective optimization,8.666666666666666
cover,objective,8.666666666666666
knowledge discovery,objective,8.666666666666666
objective,process,10.416666666666666
objective,trial,8.666666666666666
iterative,objective,8.666666666666666
knowledge,objective,8.666666666666666
cover,object,8.666666666666666
knowledge discovery,object,8.666666666666666
object,process,10.416666666666666
object,trial,8.666666666666666
iterative,object,8.666666666666666
knowledge,object,8.666666666666666
clustering,cover,2.833333333333333
clustering,knowledge discovery,2.833333333333333
clustering,process,5.25
clustering,trial,2.833333333333333
clustering,iterative,2.833333333333333
clustering,knowledge,2.833333333333333
cover,multi-objective,8.666666666666666
knowledge discovery,multi-objective,8.666666666666666
multi-objective,process,10.416666666666666
multi-objective,trial,8.666666666666666
iterative,multi-objective,8.666666666666666
knowledge,multi-objective,8.666666666666666
cover,optimization,8.666666666666666
knowledge discovery,optimization,8.666666666666666
optimization,process,10.416666666666666
optimization,trial,8.666666666666666
iterative,optimization,8.666666666666666
knowledge,optimization,8.666666666666666
cover,formulated,0.6666666666666666
formulated,knowledge discovery,0.6666666666666666
formulated,process,0.9166666666666666
formulated,trial,0.6666666666666666
formulated,iterative,0.6666666666666666
formulated,knowledge,0.6666666666666666
cover,metric,1.5
knowledge discovery,metric,1.5
metric,process,2.1666666666666665
metric,trial,1.5
cluster analysis,metric,1.5
iterative,metric,1.5
knowledge,metric,1.5
cover,distance function,1.5
distance function,knowledge discovery,1.5
distance function,process,2.1666666666666665
distance function,trial,1.5
cluster analysis,distance function,1.5
distance function,iterative,1.5
distance function,knowledge,1.5
cover,mathematics,1.5
knowledge discovery,mathematics,1.5
mathematics,process,2.1666666666666665
mathematics,trial,1.5
cluster analysis,mathematics,1.5
iterative,mathematics,1.5
knowledge,mathematics,1.5
algorithm,cover,1.5
algorithm,knowledge discovery,1.5
algorithm,process,2.1666666666666665
algorithm,trial,1.5
algorithm,iterative,1.5
algorithm,knowledge,1.5
cover,parameter,3.0
knowledge discovery,parameter,3.0
parameter,process,11.666666666666666
parameter,trial,3.0
cluster analysis,parameter,3.25
iterative,parameter,3.0
knowledge,parameter,3.0
cover,expected,1.5
expected,knowledge discovery,1.5
expected,process,2.1666666666666665
expected,trial,1.5
cluster analysis,expected,1.5
expected,iterative,1.5
expected,knowledge,1.5
cover,parameters,3.0
knowledge discovery,parameters,3.0
parameters,process,11.666666666666666
parameters,trial,3.0
cluster analysis,parameters,3.25
iterative,parameters,3.0
knowledge,parameters,3.0
cover,set,1.5
knowledge discovery,set,1.5
process,set,2.1666666666666665
set,trial,1.5
iterative,set,1.5
knowledge,set,1.5
cover,density,1.5
density,knowledge discovery,1.5
density,process,2.1666666666666665
density,trial,1.5
cluster analysis,density,1.5
density,iterative,1.5
density,knowledge,1.5
cover,data set,1.5
data set,knowledge discovery,1.5
data set,process,2.1666666666666665
data set,trial,1.5
cluster analysis,data set,1.5
data set,iterative,1.5
data set,knowledge,1.5
cover,knowledge discovery,8.0
cover,process,9.5
cover,trial,8.0
cluster analysis,cover,8.0
cover,iterative,8.0
cover,knowledge,8.0
knowledge discovery,process,9.5
knowledge discovery,trial,8.0
cluster analysis,knowledge discovery,8.0
iterative,knowledge discovery,8.0
knowledge,knowledge discovery,8.0
process,trial,9.5
cluster analysis,process,9.75
iterative,process,9.5
knowledge,process,9.5
cluster analysis,trial,8.0
iterative,trial,8.0
knowledge,trial,8.0
cluster analysis,iterative,8.0
cluster analysis,knowledge,8.0
iterative,knowledge,8.0
multi-objective optimization,preprocessing,1.75
data preprocessing,multi-objective optimization,1.75
model,multi-objective optimization,1.75
multi-objective optimization,processing,1.75
objective,preprocessing,1.75
data preprocessing,objective,1.75
model,objective,1.75
objective,processing,1.75
cluster,preprocessing,4.166666666666666
cluster,data preprocessing,4.166666666666666
cluster,model,4.166666666666666
cluster,processing,4.166666666666666
object,preprocessing,1.75
data preprocessing,object,1.75
model,object,1.75
object,processing,1.75
clustering,preprocessing,2.4166666666666665
clustering,data preprocessing,2.4166666666666665
clustering,model,2.4166666666666665
clustering,processing,2.4166666666666665
multi-objective,preprocessing,1.75
data preprocessing,multi-objective,1.75
model,multi-objective,1.75
multi-objective,processing,1.75
optimization,preprocessing,1.75
data preprocessing,optimization,1.75
model,optimization,1.75
optimization,processing,1.75
formulated,preprocessing,0.25
data preprocessing,formulated,0.25
formulated,model,0.25
formulated,processing,0.25
metric,preprocessing,0.6666666666666666
data preprocessing,metric,0.6666666666666666
metric,model,0.6666666666666666
metric,processing,0.6666666666666666
function,preprocessing,0.6666666666666666
data preprocessing,function,0.6666666666666666
function,model,0.6666666666666666
function,processing,0.6666666666666666
clusters,preprocessing,0.6666666666666666
clusters,data preprocessing,0.6666666666666666
clusters,model,0.6666666666666666
clusters,processing,0.6666666666666666
distance function,preprocessing,0.6666666666666666
data preprocessing,distance function,0.6666666666666666
distance function,model,0.6666666666666666
distance function,processing,0.6666666666666666
data,preprocessing,9.333333333333332
data,data preprocessing,9.333333333333334
data,model,9.333333333333334
data,processing,9.333333333333334
mathematics,preprocessing,0.6666666666666666
data preprocessing,mathematics,0.6666666666666666
mathematics,model,0.6666666666666666
mathematics,processing,0.6666666666666666
distance,preprocessing,0.6666666666666666
data preprocessing,distance,0.6666666666666666
distance,model,0.6666666666666666
distance,processing,0.6666666666666666
algorithm,preprocessing,0.6666666666666666
algorithm,data preprocessing,0.6666666666666666
algorithm,model,0.6666666666666666
algorithm,processing,0.6666666666666666
parameter,preprocessing,8.666666666666666
data preprocessing,parameter,8.666666666666666
model,parameter,8.666666666666666
parameter,processing,8.666666666666666
expected,preprocessing,0.6666666666666666
data preprocessing,expected,0.6666666666666666
expected,model,0.6666666666666666
expected,processing,0.6666666666666666
parameters,preprocessing,8.666666666666666
data preprocessing,parameters,8.666666666666666
model,parameters,8.666666666666666
parameters,processing,8.666666666666666
preprocessing,set,0.6666666666666666
data preprocessing,set,0.6666666666666666
model,set,0.6666666666666666
processing,set,0.6666666666666666
density,preprocessing,0.6666666666666666
data preprocessing,density,0.6666666666666666
density,model,0.6666666666666666
density,processing,0.6666666666666666
data set,preprocessing,0.6666666666666666
data preprocessing,data set,0.6666666666666666
data set,model,0.6666666666666666
data set,processing,0.6666666666666666
cover,preprocessing,1.5
cover,data preprocessing,1.5
cover,model,1.5
cover,processing,1.5
knowledge discovery,preprocessing,1.5
data preprocessing,knowledge discovery,1.5
knowledge discovery,model,1.5
knowledge discovery,processing,1.5
preprocessing,process,9.5
data preprocessing,process,9.5
model,process,9.5
process,processing,9.5
preprocessing,trial,1.5
data preprocessing,trial,1.5
model,trial,1.5
processing,trial,1.5
cluster analysis,preprocessing,1.75
cluster analysis,data preprocessing,1.75
cluster analysis,model,1.75
cluster analysis,processing,1.75
iterative,preprocessing,1.5
data preprocessing,iterative,1.5
iterative,model,1.5
iterative,processing,1.5
knowledge,preprocessing,1.5
data preprocessing,knowledge,1.5
knowledge,model,1.5
knowledge,processing,1.5
data preprocessing,preprocessing,8.0
model,preprocessing,8.0
preprocessing,processing,8.0
data preprocessing,model,8.0
data preprocessing,processing,8.0
model,processing,8.0
community detection,metric,0.25
greek,metric,0.25
metric,structure,0.25
metric,similar,0.25
metric,numeric,0.25
classification,metric,0.25
metric,numerical taxonomy,0.25
class,metric,0.25
logic,metric,0.25
language,metric,0.25
community detection,function,0.25
function,greek,0.25
function,structure,0.25
function,similar,0.25
function,numeric,0.25
classification,function,0.25
function,numerical taxonomy,0.25
class,function,0.25
function,logic,0.25
function,language,0.25
clusters,community detection,0.25
clusters,greek,0.25
clusters,structure,0.25
clusters,numeric,0.25
classification,clusters,0.25
clusters,numerical taxonomy,0.25
class,clusters,0.25
clusters,logic,0.25
clusters,language,0.25
community detection,distance function,0.25
distance function,greek,0.25
distance function,structure,0.25
distance function,similar,0.25
distance function,numeric,0.25
classification,distance function,0.25
distance function,numerical taxonomy,0.25
class,distance function,0.25
distance function,logic,0.25
distance function,language,0.25
community detection,data,3.25
data,greek,3.25
data,structure,3.25
data,numeric,3.25
classification,data,11.166666666666666
data,numerical taxonomy,3.25
class,data,11.166666666666666
data,logic,3.25
data,language,3.25
community detection,mathematics,0.25
greek,mathematics,0.25
mathematics,structure,0.25
mathematics,similar,0.25
mathematics,numeric,0.25
classification,mathematics,0.25
mathematics,numerical taxonomy,0.25
class,mathematics,0.25
logic,mathematics,0.25
language,mathematics,0.25
community detection,distance,0.25
distance,greek,0.25
distance,structure,0.25
distance,similar,0.25
distance,numeric,0.25
classification,distance,0.25
distance,numerical taxonomy,0.25
class,distance,0.25
distance,logic,0.25
distance,language,0.25
algorithm,community detection,0.25
algorithm,greek,0.25
algorithm,structure,0.25
algorithm,numeric,0.25
algorithm,classification,0.25
algorithm,numerical taxonomy,0.25
algorithm,class,0.25
algorithm,logic,0.25
algorithm,language,0.25
community detection,parameter,1.75
greek,parameter,1.75
parameter,structure,1.75
parameter,similar,1.75
numeric,parameter,1.75
classification,parameter,2.6666666666666665
numerical taxonomy,parameter,1.75
class,parameter,2.6666666666666665
logic,parameter,1.75
language,parameter,1.75
cluster,community detection,9.583333333333332
cluster,greek,9.583333333333332
cluster,structure,9.583333333333334
cluster,numeric,9.583333333333334
classification,cluster,17.0
cluster,numerical taxonomy,9.583333333333334
class,cluster,17.0
cluster,logic,9.583333333333334
cluster,language,9.583333333333334
community detection,expected,0.25
expected,greek,0.25
expected,structure,0.25
expected,similar,0.25
expected,numeric,0.25
classification,expected,0.25
expected,numerical taxonomy,0.25
class,expected,0.25
expected,logic,0.25
expected,language,0.25
community detection,parameters,1.75
greek,parameters,1.75
parameters,structure,1.75
parameters,similar,1.75
numeric,parameters,1.75
classification,parameters,2.6666666666666665
numerical taxonomy,parameters,1.75
class,parameters,2.6666666666666665
logic,parameters,1.75
language,parameters,1.75
clustering,community detection,8.25
clustering,greek,8.25
clustering,structure,8.25
clustering,numeric,8.25
classification,clustering,10.416666666666666
clustering,numerical taxonomy,8.25
class,clustering,10.416666666666666
clustering,logic,8.25
clustering,language,8.25
community detection,set,0.25
greek,set,0.25
set,structure,0.25
numeric,set,0.25
classification,set,0.25
numerical taxonomy,set,0.25
class,set,0.25
logic,set,0.25
language,set,0.25
community detection,density,0.25
density,greek,0.25
density,structure,0.25
density,similar,0.25
density,numeric,0.25
classification,density,0.25
density,numerical taxonomy,0.25
class,density,0.25
density,logic,0.25
density,language,0.25
community detection,data set,0.25
data set,greek,0.25
data set,structure,0.25
data set,similar,0.25
data set,numeric,0.25
classification,data set,0.25
data set,numerical taxonomy,0.25
class,data set,0.25
data set,logic,0.25
data set,language,0.25
community detection,multi-objective optimization,0.6666666666666666
greek,multi-objective optimization,0.6666666666666666
multi-objective optimization,structure,0.6666666666666666
multi-objective optimization,similar,0.6666666666666666
multi-objective optimization,numeric,0.6666666666666666
classification,multi-objective optimization,0.9166666666666666
multi-objective optimization,numerical taxonomy,0.6666666666666666
class,multi-objective optimization,0.9166666666666666
logic,multi-objective optimization,0.6666666666666666
language,multi-objective optimization,0.6666666666666666
community detection,objective,0.6666666666666666
greek,objective,0.6666666666666666
objective,structure,0.6666666666666666
objective,similar,0.6666666666666666
numeric,objective,0.6666666666666666
classification,objective,0.9166666666666666
numerical taxonomy,objective,0.6666666666666666
class,objective,0.9166666666666666
logic,objective,0.6666666666666666
language,objective,0.6666666666666666
community detection,cover,0.6666666666666666
cover,greek,0.6666666666666666
cover,structure,0.6666666666666666
cover,similar,0.6666666666666666
cover,numeric,0.6666666666666666
classification,cover,0.9166666666666666
cover,numerical taxonomy,0.6666666666666666
class,cover,0.9166666666666666
cover,logic,0.6666666666666666
cover,language,0.6666666666666666
community detection,knowledge discovery,0.6666666666666666
greek,knowledge discovery,0.6666666666666666
knowledge discovery,structure,0.6666666666666666
knowledge discovery,similar,0.6666666666666666
knowledge discovery,numeric,0.6666666666666666
classification,knowledge discovery,0.9166666666666666
knowledge discovery,numerical taxonomy,0.6666666666666666
class,knowledge discovery,0.9166666666666666
knowledge discovery,logic,0.6666666666666666
knowledge discovery,language,0.6666666666666666
community detection,process,2.1666666666666665
greek,process,2.1666666666666665
process,structure,2.1666666666666665
process,similar,2.1666666666666665
numeric,process,2.1666666666666665
classification,process,3.333333333333333
numerical taxonomy,process,2.1666666666666665
class,process,3.333333333333333
logic,process,2.1666666666666665
language,process,2.1666666666666665
community detection,object,0.6666666666666666
greek,object,0.6666666666666666
object,structure,0.6666666666666666
numeric,object,0.6666666666666666
classification,object,0.9166666666666666
numerical taxonomy,object,0.6666666666666666
class,object,0.9166666666666666
logic,object,0.6666666666666666
language,object,0.6666666666666666
community detection,multi-objective,0.6666666666666666
greek,multi-objective,0.6666666666666666
multi-objective,structure,0.6666666666666666
multi-objective,similar,0.6666666666666666
multi-objective,numeric,0.6666666666666666
classification,multi-objective,0.9166666666666666
multi-objective,numerical taxonomy,0.6666666666666666
class,multi-objective,0.9166666666666666
logic,multi-objective,0.6666666666666666
language,multi-objective,0.6666666666666666
community detection,trial,0.6666666666666666
greek,trial,0.6666666666666666
structure,trial,0.6666666666666666
similar,trial,0.6666666666666666
numeric,trial,0.6666666666666666
classification,trial,0.9166666666666666
numerical taxonomy,trial,0.6666666666666666
class,trial,0.9166666666666666
logic,trial,0.6666666666666666
language,trial,0.6666666666666666
cluster analysis,community detection,1.3333333333333333
cluster analysis,greek,1.3333333333333333
cluster analysis,structure,1.3333333333333333
cluster analysis,numeric,1.3333333333333333
classification,cluster analysis,6.583333333333333
cluster analysis,numerical taxonomy,1.3333333333333333
class,cluster analysis,6.583333333333333
cluster analysis,logic,1.3333333333333333
cluster analysis,language,1.3333333333333333
community detection,optimization,0.6666666666666666
greek,optimization,0.6666666666666666
optimization,structure,0.6666666666666666
optimization,similar,0.6666666666666666
numeric,optimization,0.6666666666666666
classification,optimization,0.9166666666666666
numerical taxonomy,optimization,0.6666666666666666
class,optimization,0.9166666666666666
logic,optimization,0.6666666666666666
language,optimization,0.6666666666666666
community detection,iterative,0.6666666666666666
greek,iterative,0.6666666666666666
iterative,structure,0.6666666666666666
iterative,similar,0.6666666666666666
iterative,numeric,0.6666666666666666
classification,iterative,0.9166666666666666
iterative,numerical taxonomy,0.6666666666666666
class,iterative,0.9166666666666666
iterative,logic,0.6666666666666666
iterative,language,0.6666666666666666
community detection,knowledge,0.6666666666666666
greek,knowledge,0.6666666666666666
knowledge,structure,0.6666666666666666
knowledge,similar,0.6666666666666666
knowledge,numeric,0.6666666666666666
classification,knowledge,0.9166666666666666
knowledge,numerical taxonomy,0.6666666666666666
class,knowledge,0.9166666666666666
knowledge,logic,0.6666666666666666
knowledge,language,0.6666666666666666
preprocessing,statistic,1.5
community detection,preprocessing,1.5
greek,preprocessing,1.5
preprocessing,structure,1.5
preprocessing,similar,1.5
numeric,preprocessing,1.5
classification,preprocessing,2.4166666666666665
preprocessing,statistical,1.5
numerical taxonomy,preprocessing,1.5
preprocessing,statistica,1.5
class,preprocessing,2.4166666666666665
logic,preprocessing,1.5
language,preprocessing,1.5
data preprocessing,statistic,1.5
community detection,data preprocessing,1.5
data preprocessing,greek,1.5
data preprocessing,structure,1.5
data preprocessing,similar,1.5
data preprocessing,numeric,1.5
classification,data preprocessing,2.4166666666666665
data preprocessing,statistical,1.5
data preprocessing,numerical taxonomy,1.5
data preprocessing,statistica,1.5
class,data preprocessing,2.4166666666666665
data preprocessing,logic,1.5
data preprocessing,language,1.5
model,statistic,1.5
community detection,model,1.5
greek,model,1.5
model,structure,1.5
model,similar,1.5
model,numeric,1.5
classification,model,2.4166666666666665
model,statistical,1.5
model,numerical taxonomy,1.5
model,statistica,1.5
class,model,2.4166666666666665
logic,model,1.5
language,model,1.5
processing,statistic,1.5
community detection,processing,1.5
greek,processing,1.5
processing,structure,1.5
processing,similar,1.5
numeric,processing,1.5
classification,processing,2.4166666666666665
processing,statistical,1.5
numerical taxonomy,processing,1.5
processing,statistica,1.5
class,processing,2.4166666666666665
logic,processing,1.5
language,processing,1.5
community detection,statistic,8.0
greek,statistic,8.0
statistic,structure,8.0
numeric,statistic,8.0
classification,statistic,10.166666666666666
numerical taxonomy,statistic,8.0
class,statistic,10.166666666666666
logic,statistic,8.0
language,statistic,8.0
community detection,greek,8.0
community detection,structure,8.0
community detection,similar,8.0
community detection,numeric,8.0
classification,community detection,10.166666666666666
community detection,statistical,8.0
community detection,numerical taxonomy,8.0
community detection,statistica,8.0
class,community detection,10.166666666666666
community detection,logic,8.0
community detection,language,8.0
greek,structure,8.0
greek,similar,8.0
greek,numeric,8.0
classification,greek,10.166666666666666
greek,statistical,8.0
greek,numerical taxonomy,8.0
greek,statistica,8.0
class,greek,10.166666666666666
greek,logic,8.0
greek,language,8.0
similar,structure,8.0
numeric,structure,8.0
classification,structure,10.166666666666666
statistical,structure,8.0
numerical taxonomy,structure,8.0
statistica,structure,8.0
class,structure,10.166666666666666
logic,structure,8.0
language,structure,8.0
numeric,similar,8.0
classification,similar,10.166666666666666
numerical taxonomy,similar,8.0
class,similar,10.166666666666666
logic,similar,8.0
language,similar,8.0
classification,numeric,10.166666666666666
numeric,statistical,8.0
numeric,numerical taxonomy,8.0
numeric,statistica,8.0
class,numeric,10.166666666666666
logic,numeric,8.0
language,numeric,8.0
classification,statistical,10.166666666666666
classification,numerical taxonomy,10.166666666666666
classification,statistica,10.166666666666666
class,classification,24.333333333333332
classification,logic,10.166666666666666
classification,language,10.166666666666666
numerical taxonomy,statistical,8.0
class,statistical,10.166666666666666
logic,statistical,8.0
language,statistical,8.0
numerical taxonomy,statistica,8.0
class,numerical taxonomy,10.166666666666666
logic,numerical taxonomy,8.0
language,numerical taxonomy,8.0
class,statistica,10.166666666666666
logic,statistica,8.0
language,statistica,8.0
class,logic,10.166666666666666
class,language,10.166666666666666
language,logic,8.0
differences,multi-objective optimization,0.25
data mining,multi-objective optimization,0.25
multi-objective optimization,power,0.25
discriminative,multi-objective optimization,0.25
differences,objective,0.25
data mining,objective,0.25
objective,power,0.25
discriminative,objective,0.25
cover,differences,0.25
cover,data mining,0.25
cover,power,0.25
cover,discriminative,0.25
cluster,differences,2.75
cluster,data mining,2.75
cluster,power,2.75
cluster,discriminative,2.75
differences,knowledge discovery,0.25
data mining,knowledge discovery,0.25
knowledge discovery,power,0.25
discriminative,knowledge discovery,0.25
differences,process,0.9166666666666666
data mining,process,0.9166666666666666
power,process,0.9166666666666666
discriminative,process,0.9166666666666666
differences,object,0.25
data mining,object,0.25
object,power,0.25
discriminative,object,0.25
differences,multi-objective,0.25
data mining,multi-objective,0.25
multi-objective,power,0.25
discriminative,multi-objective,0.25
differences,trial,0.25
data mining,trial,0.25
power,trial,0.25
discriminative,trial,0.25
cluster analysis,differences,1.25
cluster analysis,data mining,1.25
cluster analysis,power,1.25
cluster analysis,discriminative,1.25
differences,optimization,0.25
data mining,optimization,0.25
optimization,power,0.25
discriminative,optimization,0.25
differences,iterative,0.25
data mining,iterative,0.25
iterative,power,0.25
discriminative,iterative,0.25
differences,knowledge,0.25
data mining,knowledge,0.25
knowledge,power,0.25
discriminative,knowledge,0.25
differences,preprocessing,0.6666666666666666
data mining,preprocessing,0.6666666666666666
power,preprocessing,0.6666666666666666
discriminative,preprocessing,0.6666666666666666
data,differences,6.666666666666666
data,data mining,6.666666666666666
data,power,6.666666666666666
data,discriminative,6.666666666666666
differences,parameter,0.6666666666666666
data mining,parameter,0.6666666666666666
parameter,power,0.6666666666666666
discriminative,parameter,0.6666666666666666
data preprocessing,differences,0.6666666666666666
data mining,data preprocessing,0.6666666666666666
data preprocessing,power,0.6666666666666666
data preprocessing,discriminative,0.6666666666666666
differences,model,0.6666666666666666
data mining,model,0.6666666666666666
model,power,0.6666666666666666
discriminative,model,0.6666666666666666
differences,parameters,0.6666666666666666
data mining,parameters,0.6666666666666666
parameters,power,0.6666666666666666
discriminative,parameters,0.6666666666666666
differences,processing,0.6666666666666666
data mining,processing,0.6666666666666666
power,processing,0.6666666666666666
discriminative,processing,0.6666666666666666
differences,statistic,1.5
data mining,statistic,1.5
power,statistic,1.5
discriminative,statistic,1.5
community detection,differences,1.5
community detection,data mining,1.5
community detection,power,1.5
community detection,discriminative,1.5
differences,greek,1.5
data mining,greek,1.5
greek,power,1.5
discriminative,greek,1.5
differences,structure,1.5
data mining,structure,1.5
power,structure,1.5
discriminative,structure,1.5
differences,similar,1.5
data mining,similar,1.5
power,similar,1.5
discriminative,similar,1.5
clustering,differences,1.5
clustering,data mining,1.5
clustering,power,1.5
clustering,discriminative,1.5
differences,numeric,1.5
data mining,numeric,1.5
numeric,power,1.5
discriminative,numeric,1.5
classification,differences,8.5
classification,data mining,8.5
classification,power,8.5
classification,discriminative,8.5
differences,statistical,1.5
data mining,statistical,1.5
power,statistical,1.5
discriminative,statistical,1.5
differences,numerical taxonomy,1.5
data mining,numerical taxonomy,1.5
numerical taxonomy,power,1.5
discriminative,numerical taxonomy,1.5
differences,statistica,1.5
data mining,statistica,1.5
power,statistica,1.5
discriminative,statistica,1.5
class,differences,8.5
class,data mining,8.5
class,power,8.5
class,discriminative,8.5
differences,logic,1.5
data mining,logic,1.5
logic,power,1.5
discriminative,logic,1.5
differences,language,1.5
data mining,language,1.5
language,power,1.5
discriminative,language,1.5
data mining,differences,6.0
differences,power,6.0
differences,discriminative,6.0
data mining,power,6.0
data mining,discriminative,6.0
discriminative,power,6.0
personality,preprocessing,0.25
preprocessing,psychology,0.25
anthropology,preprocessing,0.25
cattell,preprocessing,0.25
origin,preprocessing,0.25
data,personality,1.25
data,psychology,1.25
anthropology,data,1.25
cattell,data,1.25
data,origin,1.25
parameter,personality,0.25
parameter,psychology,0.25
anthropology,parameter,0.25
cattell,parameter,0.25
origin,parameter,0.25
data preprocessing,personality,0.25
data preprocessing,psychology,0.25
anthropology,data preprocessing,0.25
cattell,data preprocessing,0.25
data preprocessing,origin,0.25
model,personality,0.25
model,psychology,0.25
anthropology,model,0.25
cattell,model,0.25
model,origin,0.25
personality,process,0.25
process,psychology,0.25
anthropology,process,0.25
cattell,process,0.25
origin,process,0.25
parameters,personality,0.25
parameters,psychology,0.25
anthropology,parameters,0.25
cattell,parameters,0.25
origin,parameters,0.25
personality,processing,0.25
processing,psychology,0.25
anthropology,processing,0.25
cattell,processing,0.25
origin,processing,0.25
personality,statistic,0.6666666666666666
psychology,statistic,0.6666666666666666
anthropology,statistic,0.6666666666666666
cattell,statistic,0.6666666666666666
origin,statistic,0.6666666666666666
community detection,personality,0.6666666666666666
community detection,psychology,0.6666666666666666
anthropology,community detection,0.6666666666666666
cattell,community detection,0.6666666666666666
community detection,origin,0.6666666666666666
greek,personality,0.6666666666666666
greek,psychology,0.6666666666666666
anthropology,greek,0.6666666666666666
cattell,greek,0.6666666666666666
greek,origin,0.6666666666666666
cluster,personality,4.666666666666666
cluster,psychology,4.666666666666666
anthropology,cluster,4.666666666666666
cattell,cluster,4.666666666666666
cluster,origin,4.666666666666666
personality,structure,0.6666666666666666
psychology,structure,0.6666666666666666
anthropology,structure,0.6666666666666666
cattell,structure,0.6666666666666666
origin,structure,0.6666666666666666
personality,similar,0.6666666666666666
psychology,similar,0.6666666666666666
anthropology,similar,0.6666666666666666
cattell,similar,0.6666666666666666
origin,similar,0.6666666666666666
clustering,personality,0.6666666666666666
clustering,psychology,0.6666666666666666
anthropology,clustering,0.6666666666666666
cattell,clustering,0.6666666666666666
clustering,origin,0.6666666666666666
numeric,personality,0.6666666666666666
numeric,psychology,0.6666666666666666
anthropology,numeric,0.6666666666666666
cattell,numeric,0.6666666666666666
numeric,origin,0.6666666666666666
classification,personality,5.666666666666666
classification,psychology,5.666666666666666
anthropology,classification,5.666666666666666
cattell,classification,5.666666666666666
classification,origin,5.666666666666666
personality,statistical,0.6666666666666666
psychology,statistical,0.6666666666666666
anthropology,statistical,0.6666666666666666
cattell,statistical,0.6666666666666666
origin,statistical,0.6666666666666666
numerical taxonomy,personality,0.6666666666666666
numerical taxonomy,psychology,0.6666666666666666
anthropology,numerical taxonomy,0.6666666666666666
cattell,numerical taxonomy,0.6666666666666666
numerical taxonomy,origin,0.6666666666666666
personality,statistica,0.6666666666666666
psychology,statistica,0.6666666666666666
anthropology,statistica,0.6666666666666666
cattell,statistica,0.6666666666666666
origin,statistica,0.6666666666666666
class,personality,5.666666666666666
class,psychology,5.666666666666666
anthropology,class,5.666666666666666
cattell,class,5.666666666666666
class,origin,5.666666666666666
logic,personality,0.6666666666666666
logic,psychology,0.6666666666666666
anthropology,logic,0.6666666666666666
cattell,logic,0.6666666666666666
logic,origin,0.6666666666666666
language,personality,0.6666666666666666
language,psychology,0.6666666666666666
anthropology,language,0.6666666666666666
cattell,language,0.6666666666666666
language,origin,0.6666666666666666
differences,personality,1.0
differences,psychology,1.0
anthropology,differences,1.0
cattell,differences,1.0
differences,origin,1.0
data mining,personality,1.0
data mining,psychology,1.0
anthropology,data mining,1.0
cattell,data mining,1.0
data mining,origin,1.0
personality,power,1.0
power,psychology,1.0
anthropology,power,1.0
cattell,power,1.0
origin,power,1.0
discriminative,personality,1.0
discriminative,psychology,1.0
anthropology,discriminative,1.0
cattell,discriminative,1.0
discriminative,origin,1.0
personality,psychology,4.0
anthropology,personality,4.0
cattell,personality,4.0
cluster analysis,personality,4.0
origin,personality,4.0
anthropology,psychology,4.0
cattell,psychology,4.0
cluster analysis,psychology,4.0
origin,psychology,4.0
anthropology,cattell,4.0
anthropology,cluster analysis,4.0
anthropology,origin,4.0
cattell,cluster analysis,4.0
cattell,origin,4.0
cluster analysis,origin,4.0
