level_1,level_2,level_3,level_4,level_5
Model Deployment,,,,
Model Deployment,Computational Efficiency,,,
Model Deployment,Computational Efficiency,Gradient Accumulation,,
Model Deployment,Computational Efficiency,Automatic Mixed Precision,,
Model Deployment,Computational Efficiency,Quantization,,
Model Deployment,Model Optimization,,,
Model Deployment,Model Optimization,Distillation,,
Model Deployment,Model Optimization,Model Cascading,,
Model Deployment,Memory Management,,,
Model Deployment,Memory Management,Gradient Checkpointing,,
Model Deployment,Memory Management,Gradient Accumulation,,
Model Deployment,Precision And Accuracy Management,,,
Model Deployment,Precision And Accuracy Management,Automatic Precision Training,,
Model Deployment,Precision And Accuracy Management,Automatic Mixed Precision,,
Model Deployment,Model Stability And Flexibility,,,
Model Deployment,Model Stability And Flexibility,Gradient Freezing,,
Model Deployment,Computational Efficiency,Quantization,8-Bit Optimizers,
Inference Parameters,Context Window,Prompt Engineering,,
Inference Parameters,Context Window,Prompt Engineering,Few-Shot Prompting,
Inference Parameters,,,,
Inference Parameters,Temperature,,,
Inference Parameters,Top P,,,
Inference Parameters,Max Tokens,,,
Inference Parameters,Context Window,,,
Inference Parameters,Context Window,Prompt Engineering,Chain-Of-Thought Prompting,
Inference Parameters,Context Window,Prompt Engineering,One-Shot Prompting,
Inference Parameters,Context Window,Prompt Engineering,Zero-Shot Prompting,
Retrieval Augmented Generation,,,,
Retrieval Augmented Generation,Data Preparation,,,
Retrieval Augmented Generation,Data Preparation,Data Chunking,,
Retrieval Augmented Generation,Data Storage,Data Indexing,,
Retrieval Augmented Generation,Data Retrieval,,,
Retrieval Augmented Generation,Data Retrieval,Retrieval Augmentation,,
Retrieval Augmented Generation,Data Retrieval,Chunk Selection,,
Retrieval Augmented Generation,Data Preparation,Tokenisation,,
Retrieval Augmented Generation,Data Preparation,Embeddings,,
Retrieval Augmented Generation,Data Storage,Vector Databases,,
Retrieval Augmented Generation,Data Retrieval,Chunk Selection,Re-Ranking,
Retrieval Augmented Generation,Data Retrieval,Chunk Selection,Fixed Recency,
Retrieval Augmented Generation,Data Retrieval,Retrieval Augmentation,Soft Prompt Tuning,
Fine-Tuning,,,,
Fine-Tuning,Representation Fine-Tuning (Reft),,,
Fine-Tuning,Instruction Tuning,,,
Fine-Tuning,Parameter-Efficient Fine-Tuning,,,
Fine-Tuning,Parameter-Efficient Fine-Tuning,Prompt Tuning,,
Fine-Tuning,Parameter-Efficient Fine-Tuning,Prompt Tuning,Soft Prompt Tuning,
Fine-Tuning,Parameter-Efficient Fine-Tuning,Low-Rank Adaptability,,
Fine-Tuning,Parameter-Efficient Fine-Tuning,QLORA,,
Fine-Tuning,Parameter-Efficient Fine-Tuning,QLORA,,
Fine-Tuning,Additional Layers,Adapter Layers,,
Fine-Tuning,Additional Layers,(Head) Output Layer,,
Model Evaluation & Testing,Validation Techniques,,,
Model Evaluation & Testing,Validation Techniques,Cross-Validation,K-Fold,
Model Evaluation & Testing,Validation Techniques,Cross-Validation,Stratified K-Fold,
Model Evaluation & Testing,Validation Techniques,Cross-Validation,Leave-One-Out,
Model Evaluation & Testing,Hyperparameter Selection,,,
Model Evaluation & Testing,Hyperparameter Selection,Grid Search,,
Model Evaluation & Testing,Hyperparameter Selection,Random Search,,
Model Evaluation & Testing,Hyperparameter Selection,Bayesian Optimization,,
Model Evaluation & Testing,Validation Techniques,Holdout Data,,
Model Evaluation & Testing,Evaluation Metrics,,,
Model Evaluation & Testing,Evaluation Metrics,Image Generation Metrics,,
Model Evaluation & Testing,Evaluation Metrics,Image Generation Metrics,Inception Score,
Model Evaluation & Testing,Evaluation Metrics,Image Generation Metrics,Fréchet Inception Distance,
Model Evaluation & Testing,Evaluation Metrics,Image Generation Metrics,Structural Similarity Index,
Model Evaluation & Testing,Evaluation Metrics,Image Generation Metrics,Peak Signal-To-Noise Ratio,
Model Evaluation & Testing,Evaluation Metrics,Classification Metrics,Area Under Pr Curve,
Model Evaluation & Testing,Evaluation Metrics,Classification Metrics,,
Model Evaluation & Testing,Evaluation Metrics,Classification Metrics,Accuracy,
Model Evaluation & Testing,Evaluation Metrics,Classification Metrics,Precision,
Model Evaluation & Testing,Evaluation Metrics,Classification Metrics,Recall,
Model Evaluation & Testing,Evaluation Metrics,Classification Metrics,F1 Score,
Model Evaluation & Testing,Evaluation Metrics,Classification Metrics,AUC-ROC,
Model Evaluation & Testing,Evaluation Metrics,Classification Metrics,Log Loss,
Model Evaluation & Testing,Evaluation Metrics,Classification Metrics,Cohen'S Kappa,
Model Evaluation & Testing,Evaluation Metrics,Classification Metrics,Matthews Correlation Coefficient,
Model Evaluation & Testing,Evaluation Metrics,Regression Metrics,,
Model Evaluation & Testing,Evaluation Metrics,Regression Metrics,Mean Squared Error,
Model Evaluation & Testing,Evaluation Metrics,Regression Metrics,Root Mean Squared Error,
Model Evaluation & Testing,Evaluation Metrics,Regression Metrics,Mean Absolute Error,
Model Evaluation & Testing,Evaluation Metrics,Regression Metrics,R-Squared (R2),
Model Evaluation & Testing,Evaluation Metrics,Regression Metrics,Adjusted R-Squared,
Model Evaluation & Testing,Evaluation Metrics,Regression Metrics,Mean Absolute Percentage Error,
Model Evaluation & Testing,Evaluation Metrics,Clustering Metrics,,
Model Evaluation & Testing,Evaluation Metrics,Clustering Metrics,Silhouette Score,
Model Evaluation & Testing,Evaluation Metrics,Clustering Metrics,Calinski-Harabasz Index,
Model Evaluation & Testing,Evaluation Metrics,Clustering Metrics,Davies-Bouldin Index,
Model Evaluation & Testing,Evaluation Metrics,Ranking Metrics,,
Model Evaluation & Testing,Evaluation Metrics,Ranking Metrics,Normalized Discounted Cumulative Gain,
Model Evaluation & Testing,Evaluation Metrics,Ranking Metrics,Mean Average Precision,
Model Evaluation & Testing,Evaluation Metrics,Ranking Metrics,Mean Reciprocal Rank,
Model Evaluation & Testing,Evaluation Metrics,Statistical Metrics,,
Model Evaluation & Testing,Evaluation Metrics,Statistical Metrics,Chi-Squared,
Model Evaluation & Testing,Evaluation Metrics,Statistical Metrics,Kolmogorov-Smirnov Test,
Model Evaluation & Testing,Evaluation Metrics,Probabilistic Metrics,,
Model Evaluation & Testing,Evaluation Metrics,Probabilistic Metrics,Kullback-Leibler Divergence,
Model Evaluation & Testing,Evaluation Metrics,Probabilistic Metrics,Perplexity,
Model Evaluation & Testing,Evaluation Metrics,Time Series Metrics,,
Model Evaluation & Testing,Evaluation Metrics,Time Series Metrics,Mean Absolute Scaled Error,
Model Evaluation & Testing,Evaluation Metrics,Time Series Metrics,Symmetric Mean Absolute Percentage Error (SMAPE),
Model Evaluation & Testing,Evaluation Metrics,Information Retrieval Metrics,,
Model Evaluation & Testing,Evaluation Metrics,Information Retrieval Metrics,Precision At K,
Model Evaluation & Testing,Evaluation Metrics,Information Retrieval Metrics,Recall At K,
Model Evaluation & Testing,Evaluation Metrics,Natural Language Processing Metrics,,
Model Evaluation & Testing,Evaluation Metrics,Natural Language Processing Metrics,BLEU Score,
Model Evaluation & Testing,Evaluation Metrics,Natural Language Processing Metrics,ROUGE Score,
Model Evaluation & Testing,Evaluation Metrics,Natural Language Processing Metrics,METEOR Score,
Model Evaluation & Testing,Evaluation Metrics,Distribution And Similarity Metrics,,
Model Evaluation & Testing,Evaluation Metrics,Distribution And Similarity Metrics,Bhattacharyya Distance,
Model Evaluation & Testing,Evaluation Metrics,Distribution And Similarity Metrics,Hellinger Distance,
Model Evaluation & Testing,Evaluation Metrics,Distribution And Similarity Metrics,Earth Mover'S Distance (Wasserstein),
Model Evaluation & Testing,Evaluation Metrics,Distribution And Similarity Metrics,Jensen-Shannon Divergence,
Model Evaluation & Testing,Evaluation Metrics,Distribution And Similarity Metrics,Mahalanobis Distance,
Model Evaluation & Testing,Evaluation Metrics,Distribution And Similarity Metrics,Jaccard Index,
Model Evaluation & Testing,Evaluation Metrics,Other Specialized Metrics,,
Model Evaluation & Testing,Evaluation Metrics,Other Specialized Metrics,Gini Coefficient,
Model Evaluation & Testing,Evaluation Metrics,Other Specialized Metrics,Brier Score,
Model Evaluation & Testing,Evaluation Metrics,Count Metrics,True Positive,
Model Evaluation & Testing,Evaluation Metrics,Count Metrics,True Negative,
Model Evaluation & Testing,Evaluation Metrics,Count Metrics,False Positive,
Model Evaluation & Testing,Evaluation Metrics,Count Metrics,False Negative,
Model Evaluation & Testing,Visualisation Techniques,Dimensionality Reduction,Principal Component Analysis,
Model Evaluation & Testing,Visualisation Techniques,Dimensionality Reduction,t-distributed stochastic neighbor embedding (t-SNE),
Model Evaluation & Testing,Visualisation Techniques,Pattern Recognition,Loss Curve,
Model Evaluation & Testing,Visualisation Techniques,Pattern Recognition,Generalization Curve,
Model Evaluation & Testing,Visualisation Techniques,Pattern Recognition,Precision-Recall Curve,
Model Evaluation & Testing,Common Challenges,Co-Adaptation,,
Model Evaluation & Testing,Common Challenges,Exploding Gradient Problem,,
Model Evaluation & Testing,Common Challenges,Vanishing Gradient Problem,,
Model Evaluation & Testing,Common Challenges,Concept Drift,,
Model Evaluation & Testing,Common Challenges,Underfitting,,
Model Evaluation & Testing,Common Challenges,Overfitting,,
Model Evaluation & Testing,Evaluation Metrics,Classification Metrics,Confusion Matrix,True Positive
Model Evaluation & Testing,Evaluation Metrics,Classification Metrics,Confusion Matrix,False Positive
Model Evaluation & Testing,Evaluation Metrics,Classification Metrics,Confusion Matrix,True Negative
Model Evaluation & Testing,Evaluation Metrics,Classification Metrics,Confusion Matrix,False Negative
Model Evaluation & Testing,Evaluation Metrics,Classification Metrics,Confusion Matrix,
Model Evaluation & Testing,Common Challenges,Label Leakage,,
Model Architecture Design,Feature Normalization,,,
Model Architecture Design,Feature Normalization,Batch-Sample,,
Model Architecture Design,Feature Normalization,Batch-Sample,Batch Normalization,
Model Architecture Design,Feature Normalization,One-Sample,,
Model Architecture Design,Feature Normalization,One-Sample,Layer Normalization,
Model Architecture Design,Feature Normalization,One-Sample,Instance Normalization,
Model Architecture Design,Feature Normalization,Feature-Group-Sample,,
Model Architecture Design,Feature Normalization,Feature-Group-Sample,Group Normalization,
Model Architecture Design,Layer Configuration,Normalization Layers,Group Normalization,
Model Objective,Continuous Value Prediction,,,
Model Objective,Time Series Prediction,,,
Model Objective,Image Classification,,,
Model Objective,Text Classification,,,
Model Objective,Object Detection,,,
Model Objective,Machine Translation,,,
Model Objective,Speech Recognition,,,
Model Objective,Binary Classification,,,
Model Architecture Design,Layer Configuration,,,
Model Architecture Design,Layer Configuration,Trainable Layers,,
Model Architecture Design,Layer Configuration,Trainable Layers,Fully Connected Layer,
Model Architecture Design,Layer Configuration,Trainable Layers,Convolutional Layer,
Model Architecture Design,Layer Configuration,Trainable Layers,Recurrent Layer,
Model Architecture Design,Layer Configuration,Trainable Layers,LSTM Layer,
Model Architecture Design,Layer Configuration,Trainable Layers,GRU Layer,
Model Architecture Design,Layer Configuration,Trainable Layers,Embedding Layer,
Model Architecture Design,Layer Configuration,Trainable Layers,Self-Attention Layer,
Model Architecture Design,Activation Functions,Non-Linear Activations,,
Model Architecture Design,Activation Functions,Non-Linear Activations,Rectified Linear Unit (Relu),
Model Architecture Design,Activation Functions,Non-Linear Activations,Sigmoid,
Model Architecture Design,Activation Functions,Non-Linear Activations,Tanh,
Model Architecture Design,Activation Functions,Non-Linear Activations,Leaky Relu,
Model Architecture Design,Activation Functions,Non-Linear Activations,Softmax,
Model Architecture Design,Layer Configuration,Pooling Layers,,
Model Architecture Design,Layer Configuration,Pooling Layers,Max Pooling,
Model Architecture Design,Layer Configuration,Pooling Layers,Average Pooling,
Model Architecture Design,Layer Configuration,Pooling Layers,Global Pooling,
Model Architecture Design,Layer Configuration,Normalization Layers,,
Model Architecture Design,Layer Configuration,Normalization Layers,Batch Normalization,
Model Architecture Design,Layer Configuration,Normalization Layers,Layer Normalization,
Model Architecture Design,Layer Configuration,Normalization Layers,Instance Normalization,
Model Architecture Design,Layer Configuration,Regularization Layers,,
Model Architecture Design,Layer Configuration,Regularization Layers,Dropout,
Model Architecture Design,Layer Configuration,Regularization Layers,Spatial Dropout,
Model Architecture Design,Layer Configuration,Transforming Layers,,
Model Architecture Design,Layer Configuration,Transforming Layers,Flattening,
Model Architecture Design,Layer Configuration,Transforming Layers,Reshape,
Model Architecture Design,Layer Configuration,Transforming Layers,Concatenate,
Model Architecture Design,,,,
Model Architecture Design,Weight Initialization,,,
Model Architecture Design,Weight Initialization,Random Initialization,,
Model Architecture Design,Weight Initialization,Random Initialization,Uniform Distribution,
Model Architecture Design,Weight Initialization,Random Initialization,Normal Distribution,
Model Architecture Design,Weight Initialization,Glorot/Xavier Initialization,,
Model Architecture Design,Weight Initialization,He Initialization,,
Model Architecture Design,Weight Initialization,Orthogonal Initialization,,
Model Architecture Design,Weight Initialization,Pretrained Weights,,
Model Architecture Design,Weight Initialization,Zero Weight Initialization,,
Model Architecture Design,Layer Configuration,Output Layer - Classification,,
Model Architecture Design,Layer Configuration,Output Layer - Classification,Binary Classification,Sigmoid
Model Architecture Design,Layer Configuration,Output Layer - Classification,Multi-Class Classification,Softmax
Model Architecture Design,Layer Configuration,Output Layer - Regression,Linear Activation,
Model Architecture Design,Layer Configuration,Transforming Layers,Embedding Layer,
Model Hyperparameters,Regularization Techniques,,,
Model Hyperparameters,Regularization Techniques,Parameter Norm Penalties,,
Model Hyperparameters,Regularization Techniques,Parameter Norm Penalties,Least Absolute Shrinkage and Selection Operator (LASSO),
Model Hyperparameters,Regularization Techniques,Parameter Norm Penalties,Least Absolute Shrinkage and Selection Operator (LASSO),Least Absolute Shrinkage and Selection Operator (LASSO)
Model Hyperparameters,Regularization Techniques,Parameter Norm Penalties,Least Absolute Shrinkage and Selection Operator (LASSO),Sparse Coding
Model Hyperparameters,Regularization Techniques,Parameter Norm Penalties,Least Absolute Shrinkage and Selection Operator (LASSO),L1-Regularized Logistic Regression
Model Hyperparameters,Regularization Techniques,Parameter Norm Penalties,Least Absolute Shrinkage and Selection Operator (LASSO),Least Angle Regression
Model Hyperparameters,Regularization Techniques,Parameter Norm Penalties,Least Absolute Shrinkage and Selection Operator (LASSO),Group Lasso
Model Hyperparameters,Regularization Techniques,Parameter Norm Penalties,Least Absolute Shrinkage and Selection Operator (LASSO),Fused Lasso
Model Hyperparameters,Regularization Techniques,Parameter Norm Penalties,Least Absolute Shrinkage and Selection Operator (LASSO),Graphical Lasso
Model Hyperparameters,Regularization Techniques,Parameter Norm Penalties,Least Absolute Shrinkage and Selection Operator (LASSO),L1-regularized SVM
Model Hyperparameters,Regularization Techniques,Parameter Norm Penalties,Ridge Regression,
Model Hyperparameters,Regularization Techniques,Parameter Norm Penalties,Ridge Regression,Weight Decay
Model Hyperparameters,Regularization Techniques,Parameter Norm Penalties,Elastic Net,
Model Hyperparameters,Regularization Techniques,Noise Injection,,
Model Hyperparameters,Regularization Techniques,Noise Injection,Dropout,
Model Hyperparameters,Regularization Techniques,Noise Injection,Data Augmentation,
Model Hyperparameters,Regularization Techniques,Noise Injection,Gaussian Noise,
Model Hyperparameters,Regularization Techniques,Early Stopping,,
Model Hyperparameters,Regularization Techniques,Ensemble Methods,,
Model Hyperparameters,Regularization Techniques,Ensemble Methods,Bootstrap Aggregating,
Model Hyperparameters,Regularization Techniques,Ensemble Methods,Boosting,
Model Hyperparameters,Regularization Techniques,Ensemble Methods,Random Forest,
Model Hyperparameters,Regularization Techniques,Constraints,,
Model Hyperparameters,Regularization Techniques,Constraints,Max Norm Constraints,
Model Hyperparameters,Regularization Techniques,Data Augmentation,,
Model Hyperparameters,Regularization Techniques,Data Augmentation,Image Transformations,
Model Hyperparameters,Regularization Techniques,Data Augmentation,Text Augmentation,
Model Hyperparameters,Regularization Techniques,Pruning,,
Model Hyperparameters,Regularization Techniques,Pruning,Weight Pruning,
Model Hyperparameters,Regularization Techniques,Pruning,Unit Pruning,
Model Hyperparameters,Regularization Techniques,Batch Normalization,,
Model Hyperparameters,Regularization Techniques,Layer Normalization,,
Model Hyperparameters,Regularization Techniques,Gradient Clipping,,
Model Hyperparameters,Parameter Optimizer,,,
Model Hyperparameters,Parameter Optimizer,Gradient Descent Algorithms,,
Model Hyperparameters,Parameter Optimizer,Gradient Descent Algorithms,Fixed Learning Rate,
Model Hyperparameters,Parameter Optimizer,Gradient Descent Algorithms,Fixed Learning Rate,Gradient Descent
Model Hyperparameters,Parameter Optimizer,Gradient Descent Algorithms,Fixed Learning Rate,Stochastic Gradient Descent
Model Hyperparameters,Parameter Optimizer,Gradient Descent Algorithms,Fixed Learning Rate,Mini-Batch Gradient Descent
Model Hyperparameters,Parameter Optimizer,Gradient Descent Algorithms,Momentum-Based,
Model Hyperparameters,Parameter Optimizer,Gradient Descent Algorithms,Momentum-Based,Momentum-based SGD
Model Hyperparameters,Parameter Optimizer,Gradient Descent Algorithms,Momentum-Based,Nesterov Accelerated Gradient
Model Hyperparameters,Parameter Optimizer,Gradient Descent Algorithms,Adaptive Learning Rate,
Model Hyperparameters,Parameter Optimizer,Gradient Descent Algorithms,Adaptive Learning Rate,Adagrad
Model Hyperparameters,Parameter Optimizer,Gradient Descent Algorithms,Adaptive Learning Rate,RMSProp
Model Hyperparameters,Parameter Optimizer,Gradient Descent Algorithms,Adaptive Learning Rate,Adam
Model Hyperparameters,Parameter Optimizer,Gradient Descent Algorithms,Adaptive Learning Rate,Adamw
Model Hyperparameters,Parameter Optimizer,Hessian-Based Methods,,
Model Hyperparameters,Parameter Optimizer,Hessian-Based Methods,Newton'S Method,
Model Hyperparameters,Parameter Optimizer,Quasi-Newton Methods,,
Model Hyperparameters,Parameter Optimizer,Quasi-Newton Methods,L-BFGS,
Model Hyperparameters,Learning Rate Schedule,,,
Model Hyperparameters,Learning Rate Schedule,Fixed Schedule,,
Model Hyperparameters,Learning Rate Schedule,Fixed Schedule,Step Decay,
Model Hyperparameters,Learning Rate Schedule,Fixed Schedule,Exponential Decay,
Model Hyperparameters,Learning Rate Schedule,Adaptive Schedule,,
Model Hyperparameters,Learning Rate Schedule,Adaptive Schedule,Cosine Annealing,
Model Hyperparameters,Learning Rate Schedule,Adaptive Schedule,Cyclic Learning Rates,
Model Hyperparameters,Learning Rate Schedule,Adaptive Schedule,Reduce On Plateau,
Model Hyperparameters,Loss Function,Regression Loss,Huber Loss,
Model Hyperparameters,Loss Function,Classification Loss,,
Model Hyperparameters,Loss Function,Classification Loss,Binary Cross-Entropy,
Model Hyperparameters,Loss Function,Classification Loss,Hinge Loss,
Model Hyperparameters,Loss Function,Classification Loss,Categorical Cross-Entropy,
Model Hyperparameters,Loss Function,Classification Loss,Focal Loss,
Model Hyperparameters,Loss Function,Probabilistic Loss,,
Model Hyperparameters,Loss Function,Probabilistic Loss,Kullback-Leibler Divergence,
Model Hyperparameters,Loss Function,Contrastive Loss,,
Model Hyperparameters,Loss Function,Contrastive Loss,Triplet Loss,
Model Hyperparameters,Loss Function,Adversarial Loss,,
Model Hyperparameters,Loss Function,Perceptual Loss,VGG Loss,
Model Hyperparameters,Loss Function,Diffusion Model Loss,,
Model Hyperparameters,Loss Function,Adversarial Loss,Wasserstein Loss,
Model Hyperparameters,Loss Function,Perceptual Loss,,
Model Hyperparameters,Loss Function,Adversarial Loss,Minimax Loss,
Model Hyperparameters,Loss Function,Diffusion Model Loss,Variational Lower Bound,
Model Hyperparameters,Loss Function,,,
Model Hyperparameters,Loss Function,Regression Loss,,
Model Hyperparameters,Loss Function,Regression Loss,Mean Squared Error,
Model Hyperparameters,Loss Function,Regression Loss,Mean Absolute Error,
Model Hyperparameters,Number Of Epochs,,,
Model Hyperparameters,Batch Size,,,
Model Hyperparameters,Learning Rate,,,
Ml Methods,Regression Analysis,,,
Ml Methods,Regression Analysis,Logistic Regression,,
Ml Methods,Regression Analysis,Linear Regression,Ordinary Least Squares Regression,
Ml Methods,Regression Analysis,Linear Regression,,
Ml Methods,Regression Analysis,Stepwise Regression,,
Ml Methods,Regression Analysis,Multivariate Adaptive Regression Splines,,
Ml Methods,Regression Analysis,Regularization Techniques,,
Ml Methods,Regression Analysis,Regularization Techniques,Ridge Regression,
Ml Methods,Regression Analysis,Regularization Techniques,Least Absolute Shrinkage and Selection Operator (LASSO),
Ml Methods,Regression Analysis,Regularization Techniques,Least-Angle Regression,
Ml Methods,Regression Analysis,Regression Classifiers,,
Ml Methods,Regression Analysis,Regression Classifiers,Naive Bayes,
Ml Methods,Regression Analysis,Regression Classifiers,Binary Classifier,
Ml Methods,Regression Analysis,Regression Classifiers,Linear Classifier,
Ml Methods,Regression Analysis,Regression Classifiers,Hierarchical Classifier,
Ml Methods,Dimensionality Reduction,,,
Ml Methods,Dimensionality Reduction,Canonical Correlation Analysis,,
Ml Methods,Dimensionality Reduction,Factor Analysis,,
Ml Methods,Dimensionality Reduction,Feature Extraction,,
Ml Methods,Dimensionality Reduction,Feature Selection,,
Ml Methods,Dimensionality Reduction,Independent Component Analysis,,
Ml Methods,Dimensionality Reduction,Linear Discriminant Analysis,,
Ml Methods,Dimensionality Reduction,Multi-Dimensional Scaling,,
Ml Methods,Dimensionality Reduction,Non-Negative Matrix Factorization,,
Ml Methods,Dimensionality Reduction,Partial Least Squares Regression,,
Ml Methods,Dimensionality Reduction,Principal Component Analysis,,
Ml Methods,Dimensionality Reduction,Principal Component Regression,,
Ml Methods,Dimensionality Reduction,Projection Pursuit,,
Ml Methods,Dimensionality Reduction,Sammon Mapping,,
Ml Methods,Dimensionality Reduction,t-distributed stochastic neighbor embedding (t-SNE),,
Ml Methods,Ensemble Learning,,,
Ml Methods,Ensemble Learning,Adaboost,,
Ml Methods,Ensemble Learning,Boosting,,
Ml Methods,Ensemble Learning,Bootstrap Aggregating,,
Ml Methods,Ensemble Learning,Ensemble Averaging,,
Ml Methods,Ensemble Learning,Gradient Boosted Decision Tree,,
Ml Methods,Ensemble Learning,Gradient Boosting,,
Ml Methods,Ensemble Learning,Stacked Generalization,,
Ml Methods,Ensemble Learning,Random Forest,,
Ml Methods,Meta-Learning,,,
Ml Methods,Meta-Learning,Inductive Bias,,
Ml Methods,Meta-Learning,Metadata,,
Ml Methods,Reinforcement Learning,,,
Ml Methods,Reinforcement Learning,Value-Based Methods,Q-Learning,
Ml Methods,Reinforcement Learning,Value-Based Methods,Temporal Difference Learning,
Ml Methods,Reinforcement Learning,Learning Automata,,
Ml Methods,Supervised Learning,,,
Ml Methods,Supervised Learning,Averaged One-Dependence Estimators,,
Ml Methods,Supervised Learning,Artificial Neural Network,,
Ml Methods,Supervised Learning,Case-Based Reasoning,,
Ml Methods,Supervised Learning,Gaussian Process Regression,,
Ml Methods,Supervised Learning,Group Method Of Data Handling,,
Ml Methods,Supervised Learning,Inductive Logic Programming,,
Ml Methods,Supervised Learning,Instance-Based Learning,,
Ml Methods,Supervised Learning,Lazy Learning,,
Ml Methods,Supervised Learning,Learning Automata,,
Ml Methods,Supervised Learning,Learning Vector Quantization,,
Ml Methods,Supervised Learning,Logistic Model Tree,,
Ml Methods,Supervised Learning,K-Nearest Neighbor,,
Ml Methods,Supervised Learning,Analogical Modeling,,
Ml Methods,Supervised Learning,Probably Approximately Correct Learning,,
Ml Methods,Supervised Learning,Ripple Down Rules,,
Ml Methods,Supervised Learning,Support Vector Machines,,
Ml Methods,Supervised Learning,Random Forest,,
Ml Methods,Supervised Learning,Bootstrap Aggregating,,
Ml Methods,Supervised Learning,Boosting,,
Ml Methods,Supervised Learning,Ordinal Classification,,
Ml Methods,Supervised Learning,Conditional Random Field,,
Ml Methods,Supervised Learning,ANOVA,,
Ml Methods,Supervised Learning,Quadratic Classifiers,,
Ml Methods,Supervised Learning,Bayesian Network,,
Ml Methods,Supervised Learning,Hidden Markov Models,,
Ml Methods,Supervised Learning,Hidden Markov Models,Hierarchical Hidden Markov Model,
Ml Methods,Bayesian Statistics,,,
Ml Methods,Bayesian Statistics,Naive Bayes,,
Ml Methods,Bayesian Statistics,Gaussian Naive Bayes,,
Ml Methods,Bayesian Statistics,Multinomial Naive Bayes,,
Ml Methods,Bayesian Statistics,Averaged One-Dependence Estimators,,
Ml Methods,Bayesian Statistics,Bayesian Belief Network,,
Ml Methods,Bayesian Statistics,Bayesian Network,,
Ml Methods,Unsupervised Learning,,,
Ml Methods,Unsupervised Learning,Association Rule Learning,,
Ml Methods,Unsupervised Learning,Association Rule Learning,Apriori Algorithm,
Ml Methods,Unsupervised Learning,Association Rule Learning,Eclat Algorithm,
Ml Methods,Unsupervised Learning,Cluster Analysis,,
Ml Methods,Unsupervised Learning,Cluster Analysis,BIRCH,
Ml Methods,Unsupervised Learning,Cluster Analysis,DBSCAN,
Ml Methods,Unsupervised Learning,Cluster Analysis,Expectation-Maximization Algorithm,
Ml Methods,Unsupervised Learning,Cluster Analysis,Fuzzy Clustering,
Ml Methods,Unsupervised Learning,Cluster Analysis,Hierarchical Clustering,
Ml Methods,Unsupervised Learning,Cluster Analysis,Hierarchical Clustering,Single-Linkage Clustering
Ml Methods,Unsupervised Learning,Cluster Analysis,Hierarchical Clustering,Conceptual Clustering
Ml Methods,Unsupervised Learning,Cluster Analysis,K-Means Clustering,
Ml Methods,Unsupervised Learning,Cluster Analysis,Mean-Shift,
Ml Methods,Unsupervised Learning,Cluster Analysis,K-Medians,
Ml Methods,Unsupervised Learning,Cluster Analysis,OPTICS algorithm,
Ml Methods,Unsupervised Learning,Anomaly Detection,,
Ml Methods,Unsupervised Learning,Anomaly Detection,K-Nearest Neighbor,
Ml Methods,Unsupervised Learning,Anomaly Detection,Local Outlier Factor,
Ml Methods,Unsupervised Learning,Association Rule Learning,Fp-Growth Algorithm,
Ml Methods,Artificial Neural Network,,,
Ml Methods,Artificial Neural Network,Feedforward Neural Network,,
Ml Methods,Artificial Neural Network,Feedforward Neural Network,Convolutional Neural Network,
Ml Methods,Artificial Neural Network,Recurrent Neural Network,,
Ml Methods,Artificial Neural Network,Recurrent Neural Network,Long Short-Term Memory,
Ml Methods,Artificial Neural Network,Self-Organizing Map,,
Ml Methods,Semi-Supervised Learning,,,
Ml Methods,Semi-Supervised Learning,Active Learning,,
Ml Methods,Semi-Supervised Learning,Generative Models,,
Ml Methods,Semi-Supervised Learning,Low-Density Separation,,
Ml Methods,Semi-Supervised Learning,Graph-Based Methods,,
Ml Methods,Semi-Supervised Learning,Co-Training,,
Ml Methods,Semi-Supervised Learning,Transduction,,
Ml Methods,Deep Learning,,,
Ml Methods,Deep Learning,Deep Belief Networks,,
Ml Methods,Deep Learning,Boltzmann Machines,,
Ml Methods,Deep Learning,Recurrent Neural Network,,
Ml Methods,Deep Learning,Convolutional Neural Network,,
Ml Methods,Deep Learning,Generative Models,Generative Adversarial Network,
Ml Methods,Deep Learning,Generative Models,Generative Adversarial Network,Style Transfer
Ml Methods,Deep Learning,Transformer Networks,,
Ml Methods,Deep Learning,Autoencoder,,
Ml Methods,Self-Supervised Learning,,,
Ml Methods,Self-Supervised Learning,Contrastive Learning Methods,,
Ml Methods,Self-Supervised Learning,Masked Language Models,,
Ml Methods,Self-Supervised Learning,Self-Training,,
Ml Methods,Deep Learning,Generative Models,Generative Adversarial Network,DCGAN
Ml Methods,Deep Learning,Generative Models,Generative Adversarial Network,CycleGAN
Ml Methods,Deep Learning,Transformer Networks,Encoder-Decoder,
Ml Methods,Deep Learning,Transformer Networks,Encoder,
Ml Methods,Deep Learning,Transformer Networks,Decoder,
Ml Methods,Artificial Neural Network,Recurrent Neural Network,Gated Recurrent Unit,
Ml Methods,Unsupervised Learning,Cluster Analysis,K-Means Clustering,Gaussian Mixture Models
Ml Methods,Unsupervised Learning,Cluster Analysis,Spectral Clustering,
Ml Methods,Deep Learning,Convolutional Neural Network,Inception,
Ml Methods,Deep Learning,Convolutional Neural Network,Resnet,
Ml Methods,Deep Learning,Generative Models,Diffusion Models,Denoising Diffusion Probabilistic Models
Ml Methods,Deep Learning,Generative Models,Diffusion Models,Latent Diffusion Models
Ml Methods,Deep Learning,Generative Models,Diffusion Models,Score-Based Generative Models
Ml Methods,Deep Learning,Convolutional Neural Network,SepCNN,
Ml Methods,Deep Learning,Generative Models,Diffusion Models,
Ml Methods,Advanced Training Strategies,,,
Ml Methods,Advanced Training Strategies,Curriculum Learning,,
Ml Methods,Advanced Training Strategies,Multi-Task Learning,,
Ml Methods,Advanced Training Strategies,Adversarial Training,,
Ml Methods,Advanced Training Strategies,Neural Architecture Search,,
Ml Methods,Advanced Training Strategies,Transfer Learning,,
Ml Methods,Unsupervised Learning,Dimensionality Reduction,Fp-Growth Algorithm,
Ml Methods,Dimensionality Reduction,Autoencoder,,
Ml Methods,Unsupervised Learning,Anomaly Detection,Autoencoder,
Ml Methods,Artificial Neural Network,Graph Neural Networks,,
Ml Methods,Advanced Training Strategies,Multi-Task Learning,Hard Parameter Sharing,
Ml Methods,Unsupervised Learning,Cluster Analysis,Self-Organizing Map,
Ml Methods,Reinforcement Learning,Value-Based Methods,,
Ml Methods,Reinforcement Learning,Actor-Critic Methods,,
Ml Methods,Reinforcement Learning,Policy-Based Methods,,
Ml Methods,Reinforcement Learning,Value-Based Methods,Q-Learning,State–action–reward–state–action (SARSA)
Ml Methods,Reinforcement Learning,Value-Based Methods,Q-Learning,Q-Function
Ml Methods,Reinforcement Learning,Value-Based Methods,Q-Learning,Bellman Equation
Ml Methods,Reinforcement Learning,Policy-Based Methods,Policy Gradient Methods,
Ml Methods,Reinforcement Learning,Reinforcement Learning From Human Feedback,,
Ml Methods,Deep Learning,Large Language Models,,
Ml Methods,Deep Learning,Large Language Models,LLM Agents,
Data Preparation And Feature Engineering,Data Preparation,,,
Data Preparation And Feature Engineering,Data Preparation,Data Cleaning,,
Data Preparation And Feature Engineering,Data Preparation,Data Cleaning,Handling Missing Values,
Data Preparation And Feature Engineering,Data Preparation,Data Cleaning,Handling Missing Values,Deletion
Data Preparation And Feature Engineering,Data Preparation,Data Cleaning,Handling Missing Values,Imputation
Data Preparation And Feature Engineering,Data Preparation,Data Cleaning,Outlier Detection And Treatment,
Data Preparation And Feature Engineering,Data Preparation,Data Cleaning,Outlier Detection And Treatment,Statistical Methods
Data Preparation And Feature Engineering,Data Preparation,Data Cleaning,Deduplication,
Data Preparation And Feature Engineering,Data Preparation,Data Cleaning,Error Correction,
Data Preparation And Feature Engineering,Data Preparation,Data Integration,,
Data Preparation And Feature Engineering,Data Preparation,Data Integration,Merging Datasets,
Data Preparation And Feature Engineering,Data Preparation,Data Integration,Concatenating Datasets,
Data Preparation And Feature Engineering,Data Preparation,Data Transformation,,
Data Preparation And Feature Engineering,Data Preparation,Data Transformation,Normalization,
Data Preparation And Feature Engineering,Data Preparation,Data Transformation,Standardization,
Data Preparation And Feature Engineering,Data Preparation,Data Transformation,Log Transformation,
Data Preparation And Feature Engineering,Data Preparation,Data Transformation,Power Transformation,
Data Preparation And Feature Engineering,Data Preparation,Data Reduction,,
Data Preparation And Feature Engineering,Data Preparation,Data Reduction,Sampling,
Data Preparation And Feature Engineering,Data Preparation,Data Reduction,Dimensionality Reduction,
Data Preparation And Feature Engineering,Feature Engineering,,,
Data Preparation And Feature Engineering,Feature Engineering,Feature Creation,,
Data Preparation And Feature Engineering,Feature Engineering,Feature Creation,Interaction Features,
Data Preparation And Feature Engineering,Feature Engineering,Feature Creation,Polynomial Features,
Data Preparation And Feature Engineering,Feature Engineering,Feature Creation,Domain-Specific Features,
Data Preparation And Feature Engineering,Feature Engineering,Feature Transformation,,
Data Preparation And Feature Engineering,Feature Engineering,Feature Transformation,Binning,
Data Preparation And Feature Engineering,Feature Engineering,Feature Transformation,One-Hot Encoding,
Data Preparation And Feature Engineering,Feature Engineering,Feature Transformation,Label Encoding,
Data Preparation And Feature Engineering,Feature Engineering,Feature Transformation,Scaling,
Data Preparation And Feature Engineering,Feature Engineering,Feature Imputation,,
Data Preparation And Feature Engineering,Feature Engineering,Feature Imputation,Mean/Median Imputation,
Data Preparation And Feature Engineering,Feature Engineering,Feature Imputation,Regression Imputation,
Data Preparation And Feature Engineering,Feature Engineering,Feature Imputation,Multiple Imputation,
Data Preparation And Feature Engineering,Feature Engineering,Feature Extraction,,
Data Preparation And Feature Engineering,Feature Engineering,Feature Extraction,Principal Component Analysis,
Data Preparation And Feature Engineering,Feature Engineering,Feature Extraction,Linear Discriminant Analysis,
Data Preparation And Feature Engineering,Feature Engineering,Feature Extraction,Independent Component Analysis,
Data Preparation And Feature Engineering,Feature Engineering,Feature Selection,,
Data Preparation And Feature Engineering,Feature Engineering,Feature Selection,Filter Methods,
Data Preparation And Feature Engineering,Feature Engineering,Feature Selection,Filter Methods,Correlation-Based
Data Preparation And Feature Engineering,Feature Engineering,Feature Selection,Filter Methods,Chi-Squared Test
Data Preparation And Feature Engineering,Feature Engineering,Feature Selection,Wrapper Methods,
Data Preparation And Feature Engineering,Feature Engineering,Feature Selection,Wrapper Methods,Recursive Feature Elimination
Data Preparation And Feature Engineering,Feature Engineering,Feature Selection,Wrapper Methods,Forward Selection
Data Preparation And Feature Engineering,Feature Engineering,Feature Selection,Embedded Methods,
Data Preparation And Feature Engineering,Feature Engineering,Feature Selection,Embedded Methods,Least Absolute Shrinkage and Selection Operator (LASSO)
Data Preparation And Feature Engineering,Feature Engineering,Feature Selection,Embedded Methods,Random Forest Importance
Data Preparation And Feature Engineering,Data Preparation,Data Restructuring,,
Data Preparation And Feature Engineering,Data Preparation,Data Restructuring,Reshaping,
Data Preparation And Feature Engineering,Data Preparation,Data Restructuring,Reshaping,Wide To Long Format
Data Preparation And Feature Engineering,Data Preparation,Data Restructuring,Reshaping,Long To Wide Format
Data Preparation And Feature Engineering,Data Preparation,Data Restructuring,Flattening,
Data Preparation And Feature Engineering,Data Preparation,Data Restructuring,Flattening,2D To 1D
Data Preparation And Feature Engineering,Data Preparation,Data Restructuring,Flattening,Multi-Dimensional To 1D
Data Preparation And Feature Engineering,Data Preparation,Data Restructuring,Expanding Dimensions,
Data Preparation And Feature Engineering,Data Preparation,Data Restructuring,Expanding Dimensions,Adding Channel Dimension
Data Preparation And Feature Engineering,Data Preparation,Data Restructuring,Expanding Dimensions,Adding Batch Dimension
Data Preparation And Feature Engineering,Data Preparation,Data Restructuring,Transposing,
Data Preparation And Feature Engineering,Feature Engineering,Feature Creation,N-Gram Features,
Data Preparation And Feature Engineering,Feature Engineering,Feature Creation,N-Gram Features,Word N-Grams
Data Preparation And Feature Engineering,Feature Engineering,Feature Creation,N-Gram Features,Character N-Grams
Data Preparation And Feature Engineering,Feature Engineering,Feature Creation,Linguistic Features,
Data Preparation And Feature Engineering,Feature Engineering,Feature Creation,Linguistic Features,Part-Of-Speech Tagging
Data Preparation And Feature Engineering,Feature Engineering,Feature Creation,Linguistic Features,Named-Entity Recognition
Data Preparation And Feature Engineering,Feature Engineering,Feature Creation,Linguistic Features,Dependency Parsing
Data Preparation And Feature Engineering,Feature Engineering,Feature Transformation,Text Representation,
Data Preparation And Feature Engineering,Feature Engineering,Feature Transformation,Text Representation,Bag Of Words
Data Preparation And Feature Engineering,Feature Engineering,Feature Transformation,Text Representation,Term frequency–inverse document frequency (TF-IDF)
Data Preparation And Feature Engineering,Feature Engineering,Feature Transformation,Text Preprocessing,
Data Preparation And Feature Engineering,Feature Engineering,Feature Transformation,Text Preprocessing,Tokenization
Data Preparation And Feature Engineering,Feature Engineering,Feature Transformation,Text Preprocessing,Lowercasing
Data Preparation And Feature Engineering,Feature Engineering,Feature Transformation,Text Preprocessing,Stemming
Data Preparation And Feature Engineering,Feature Engineering,Feature Transformation,Text Preprocessing,Lemmatization
Data Preparation And Feature Engineering,Feature Engineering,Feature Transformation,Text Preprocessing,Stop Word Removal
Data Preparation And Feature Engineering,Feature Engineering,Feature Extraction,Word Embeddings,
Data Preparation And Feature Engineering,Feature Engineering,Feature Extraction,Word Embeddings,Word2Vec
Data Preparation And Feature Engineering,Feature Engineering,Feature Extraction,Word Embeddings,Glove
Data Preparation And Feature Engineering,Feature Engineering,Feature Extraction,Word Embeddings,Fasttext
Data Preparation And Feature Engineering,Feature Engineering,Feature Extraction,Word Embeddings,
Data Preparation And Feature Engineering,Feature Engineering,Feature Extraction,Word Embeddings,BERT (language model)
Data Preparation And Feature Engineering,Feature Engineering,Feature Extraction,Word Embeddings,ELMo (embeddings from language model)
Data Preparation And Feature Engineering,Feature Engineering,Feature Extraction,Topic Modeling,
Data Preparation And Feature Engineering,Feature Engineering,Feature Extraction,Topic Modeling,Latent Dirichlet Allocation
Data Preparation And Feature Engineering,Feature Engineering,Feature Extraction,Topic Modeling,Non-Negative Matrix Factorization
Data Preparation And Feature Engineering,Feature Engineering,Feature Extraction,Image Features,
Data Preparation And Feature Engineering,Feature Engineering,Feature Extraction,Image Features,Color Histograms
Data Preparation And Feature Engineering,Feature Engineering,Feature Extraction,Image Features,Edge Detection
Data Preparation And Feature Engineering,Feature Engineering,Feature Extraction,Image Features,SIFT (Scale-Invariant Feature Transform)
Data Preparation And Feature Engineering,Feature Engineering,Feature Extraction,Image Features,SURF (Speeded Up Robust Features)
Data Preparation And Feature Engineering,Feature Engineering,Feature Extraction,Image Features,HOG (Histogram of Oriented Gradients)
Data Preparation And Feature Engineering,Feature Engineering,Feature Extraction,Image Features,Haar-Like Features
Data Preparation And Feature Engineering,Feature Engineering,Feature Transformation,Image Preprocessing,
Data Preparation And Feature Engineering,Feature Engineering,Feature Transformation,Image Preprocessing,Resizing
Data Preparation And Feature Engineering,Feature Engineering,Feature Transformation,Image Preprocessing,Normalization
Data Preparation And Feature Engineering,Feature Engineering,Feature Transformation,Image Preprocessing,Color Space Conversion
Data Preparation And Feature Engineering,Feature Engineering,Feature Transformation,Image Preprocessing,Data Augmentation
Data Preparation And Feature Engineering,Feature Engineering,Feature Extraction,Audio Features,
Data Preparation And Feature Engineering,Feature Engineering,Feature Extraction,Audio Features,Mel-Frequency Cepstral Coefficients
Data Preparation And Feature Engineering,Feature Engineering,Feature Extraction,Audio Features,Spectral Centroid
Data Preparation And Feature Engineering,Feature Engineering,Feature Extraction,Audio Features,Chroma Features
Data Preparation And Feature Engineering,Feature Engineering,Feature Extraction,Audio Features,Zero Crossing Rate
Data Preparation And Feature Engineering,Feature Engineering,Feature Extraction,Audio Features,Spectral Rolloff
Data Preparation And Feature Engineering,Feature Engineering,Feature Transformation,Audio Preprocessing,
Data Preparation And Feature Engineering,Feature Engineering,Feature Transformation,Audio Preprocessing,Resampling
Data Preparation And Feature Engineering,Feature Engineering,Feature Transformation,Audio Preprocessing,Noise Reduction
Data Preparation And Feature Engineering,Feature Engineering,Feature Transformation,Audio Preprocessing,Time Stretching
Data Preparation And Feature Engineering,Feature Engineering,Feature Transformation,Audio Preprocessing,Pitch Shifting
Data Preparation And Feature Engineering,Feature Engineering,Feature Extraction,Video Features,
Data Preparation And Feature Engineering,Feature Engineering,Feature Extraction,Video Features,Motion Vectors
Data Preparation And Feature Engineering,Feature Engineering,Feature Extraction,Video Features,Optical Flow
Data Preparation And Feature Engineering,Feature Engineering,Feature Extraction,Video Features,Spatio-Temporal Interest Points
Data Preparation And Feature Engineering,Feature Engineering,Feature Extraction,Video Features,3D Convolutional Features
Data Preparation And Feature Engineering,Feature Engineering,Feature Transformation,Video Preprocessing,
Data Preparation And Feature Engineering,Feature Engineering,Feature Transformation,Video Preprocessing,Frame Extraction
Data Preparation And Feature Engineering,Feature Engineering,Feature Transformation,Video Preprocessing,Temporal Subsampling
Data Preparation And Feature Engineering,Feature Engineering,Feature Transformation,Video Preprocessing,Shot Boundary Detection
Data Preparation And Feature Engineering,Feature Engineering,Feature Transformation,Video Preprocessing,Video Stabilization
Data Preparation And Feature Engineering,Feature Engineering,Class-Imbalanced Datasets,,
Data Preparation And Feature Engineering,Feature Engineering,Class-Imbalanced Datasets,Data-Level Methods,
Data Preparation And Feature Engineering,Feature Engineering,Class-Imbalanced Datasets,Data-Level Methods,Random Oversampling
Data Preparation And Feature Engineering,Feature Engineering,Class-Imbalanced Datasets,Data-Level Methods,Random Undersampling
Data Preparation And Feature Engineering,Feature Engineering,Class-Imbalanced Datasets,Synthetic Data,SMOTE (Synthetic Minority Over-sampling Technique)
Data Preparation And Feature Engineering,Feature Engineering,Class-Imbalanced Datasets,Synthetic Data,ADASYN (Adaptive Synthetic)
Data Preparation And Feature Engineering,Feature Engineering,Class-Imbalanced Datasets,Algorithm-Level Methods,
Data Preparation And Feature Engineering,Feature Engineering,Class-Imbalanced Datasets,Algorithm-Level Methods,Class Weighting
Data Preparation And Feature Engineering,Feature Engineering,Class-Imbalanced Datasets,Algorithm-Level Methods,Adjusting Class Priors
Data Preparation And Feature Engineering,Feature Engineering,Class-Imbalanced Datasets,Algorithm-Level Methods,Threshold Moving
Data Preparation And Feature Engineering,Feature Engineering,Class-Imbalanced Datasets,Ensemble Methods,
Data Preparation And Feature Engineering,Feature Engineering,Class-Imbalanced Datasets,Ensemble Methods,Balanced Random Forest
Data Preparation And Feature Engineering,Feature Engineering,Class-Imbalanced Datasets,Ensemble Methods,Easyensemble
Data Preparation And Feature Engineering,Feature Engineering,Class-Imbalanced Datasets,Ensemble Methods,RUSBoost
Data Preparation And Feature Engineering,Feature Engineering,Feature Extraction,Text Features,Regular Expressions
Data Preparation And Feature Engineering,Feature Engineering,Data Cleaning,Error Correction,Regular Expressions
Data Preparation And Feature Engineering,Feature Engineering,Class-Imbalanced Datasets,Synthetic Data,
